Record ID,Name,Module,Session start date and time,Academic year,Organisation Record ID,Organisation Name,Confirmed number of expected participants (Youth + Adult),Confirmed number of participants (Youth + Adult),Org Type,Org Sub Type,Org Borough,Number of surveys,Org % on school meals,Vulnerable group
9078,9078 -  10 Signs - 08/09/2023 9:00am,10 Signs,08/09/2023 09:00,23/24,8686,Carshalton Football Club,15,15,Community Organisation,Sports,Sutton,0,,No
9079,9079 -  10 Signs - 08/09/2023 9:00am,10 Signs,08/09/2023 09:00,23/24,8686,Carshalton Football Club,15,15,Community Organisation,Sports,Sutton,0,,No
9080,9080 -  Amended Module - 08/09/2023 9:00am,Amended Module,08/09/2023 09:00,23/24,8740,New Horizons Youth Centre,10,10,Community Organisation,Vulnerable Groups,Camden,6,,Yes (1 leader + PM)
9082,9082 -  Amended Module - 13/09/2023 2:00pm,Amended Module,13/09/2023 14:00,23/24,8740,New Horizons Youth Centre,10,10,Community Organisation,Vulnerable Groups,Camden,4,,Yes (1 leader + PM)
9083,9083 -  10 Signs - 15/09/2023 12:00am,10 Signs,15/09/2023 00:00,23/24,8686,Carshalton Football Club,15,15,Community Organisation,Sports,Sutton,0,,No
9084,9084 -  10 Signs - 15/09/2023 12:00am,10 Signs,15/09/2023 00:00,23/24,8686,Carshalton Football Club,15,15,Community Organisation,Sports,Sutton,0,,No
9085,9085 -  10 Signs - 22/09/2023 10:00am,10 Signs,22/09/2023 10:00,23/24,8781,The Big House,15,15,Community Organisation,Vulnerable Groups,Islington,8,,Yes (2 leaders)
9086,9086 -  Delving Deeper - 22/09/2023 12:00pm,Delving Deeper,22/09/2023 12:00,23/24,8781,The Big House,15,15,Community Organisation,Vulnerable Groups,Islington,0,,Yes (2 leaders)
9088,9088 -  Delving Deeper - 27/09/2023 10:00am,Delving Deeper,27/09/2023 10:00,23/24,8781,The Big House,0,0,Community Organisation,Vulnerable Groups,Islington,8,,Yes (2 leaders)
9089,9089 -  Sharing Intimate Images - 27/09/2023 12:00pm,Sharing Intimate Images,27/09/2023 12:00,23/24,8781,The Big House,15,15,Community Organisation,Vulnerable Groups,Islington,5,,Yes (2 leaders)
9090,9090 -  10 Signs - 02/10/2023 6:00pm,10 Signs,02/10/2023 18:00,23/24,8912,Metro Snap,15,15,Community Organisation,LGBTQ+,Bromley,7,,No
9091,9091 -  10 Signs - 02/10/2023 9:00am,10 Signs,02/10/2023 09:00,23/24,8729,London Design & Engineering UTC,13,13,Education Setting,Maintained School,Newham,0,41,No
9092,9092 -  10 Signs - 02/10/2023 9:00am,10 Signs,02/10/2023 09:00,23/24,8729,London Design & Engineering UTC,12,12,Education Setting,Maintained School,Newham,1,41,No
9093,9093 -  10 Signs - 02/10/2023 9:00am,10 Signs,02/10/2023 09:00,23/24,8729,London Design & Engineering UTC,13,13,Education Setting,Maintained School,Newham,0,41,No
9094,9094 -  10 Signs - 02/10/2023 9:00am,10 Signs,02/10/2023 09:00,23/24,8729,London Design & Engineering UTC,12,12,Education Setting,Maintained School,Newham,0,41,No
9095,9095 -  10 Signs - 02/10/2023 9:00am,10 Signs,02/10/2023 09:00,23/24,8729,London Design & Engineering UTC,13,13,Education Setting,Maintained School,Newham,1,41,No
9096,9096 -  10 Signs - 02/10/2023 9:00am,10 Signs,02/10/2023 09:00,23/24,8729,London Design & Engineering UTC,12,12,Education Setting,Maintained School,Newham,0,41,No
9097,9097 -  10 Signs - 02/10/2023 9:00am,10 Signs,02/10/2023 09:00,23/24,8729,London Design & Engineering UTC,13,13,Education Setting,Maintained School,Newham,0,41,No
9098,9098 -  10 Signs - 02/10/2023 9:00am,10 Signs,02/10/2023 09:00,23/24,8729,London Design & Engineering UTC,12,12,Education Setting,Maintained School,Newham,77,41,No
9099,9099 -  Delving Deeper - 05/10/2023 6:30pm,Delving Deeper,05/10/2023 18:30,23/24,8694,Devas Youth Club,15,1,Community Organisation,Community Org,Wandsworth,0,,No
9101,9101 -  Amended Module - 10/10/2023 9:00am,Amended Module,10/10/2023 09:00,23/24,8716,Haverstock School,15,15,Education Setting,Maintained School,Camden,0,73,No
9102,9102 -  Amended Module - 10/10/2023 9:00am,Amended Module,10/10/2023 09:00,23/24,8716,Haverstock School,15,15,Education Setting,Maintained School,Camden,0,73,No
9103,9103 -  Amended Module - 10/10/2023 9:00am,Amended Module,10/10/2023 09:00,23/24,8716,Haverstock School,15,15,Education Setting,Maintained School,Camden,0,73,No
9104,9104 -  Amended Module - 10/10/2023 9:00am,Amended Module,10/10/2023 09:00,23/24,8716,Haverstock School,15,15,Education Setting,Maintained School,Camden,0,73,No
9105,9105 -  Amended Module - 10/10/2023 9:00am,Amended Module,10/10/2023 09:00,23/24,8716,Haverstock School,15,15,Education Setting,Maintained School,Camden,0,73,No
9106,9106 -  Amended Module - 10/10/2023 9:00am,Amended Module,10/10/2023 09:00,23/24,8716,Haverstock School,15,15,Education Setting,Maintained School,Camden,0,73,No
9107,9107 -  Amended Module - 10/10/2023 9:00am,Amended Module,10/10/2023 09:00,23/24,8716,Haverstock School,15,15,Education Setting,Maintained School,Camden,0,73,No
9108,9108 -  Amended Module - 10/10/2023 9:00am,Amended Module,10/10/2023 09:00,23/24,8716,Haverstock School,15,15,Education Setting,Maintained School,Camden,0,73,No
9109,9109 -  Amended Module - 10/10/2023 9:00am,Amended Module,10/10/2023 09:00,23/24,8716,Haverstock School,15,15,Education Setting,Maintained School,Camden,0,73,No
9110,9110 -  Amended Module - 10/10/2023 9:00am,Amended Module,10/10/2023 09:00,23/24,8716,Haverstock School,15,15,Education Setting,Maintained School,Camden,0,73,No
9111,9111 -  10 Signs - 10/10/2023 9:00am,10 Signs,10/10/2023 09:00,23/24,8724,Langdon Park Community School,15,15,Education Setting,Maintained School,Tower Hamlets,0,61,No
9112,9112 -  10 Signs - 10/10/2023 9:00am,10 Signs,10/10/2023 09:00,23/24,8724,Langdon Park Community School,15,15,Education Setting,Maintained School,Tower Hamlets,0,61,No
9113,9113 -  10 Signs - 10/10/2023 9:00am,10 Signs,10/10/2023 09:00,23/24,8724,Langdon Park Community School,15,15,Education Setting,Maintained School,Tower Hamlets,0,61,No
9114,9114 -  10 Signs - 10/10/2023 9:00am,10 Signs,10/10/2023 09:00,23/24,8724,Langdon Park Community School,15,15,Education Setting,Maintained School,Tower Hamlets,0,61,No
9115,9115 -  10 Signs - 12/10/2023 11:10am,10 Signs,12/10/2023 11:10,23/24,8724,Langdon Park Community School,15,15,Education Setting,Maintained School,Tower Hamlets,1,61,No
9116,9116 -  10 Signs - 12/10/2023 11:10am,10 Signs,12/10/2023 11:10,23/24,8724,Langdon Park Community School,15,15,Education Setting,Maintained School,Tower Hamlets,31,61,No
9117,9117 -  10 Signs - 12/10/2023 11:10am,10 Signs,12/10/2023 11:10,23/24,8724,Langdon Park Community School,15,15,Education Setting,Maintained School,Tower Hamlets,0,61,No
9118,9118 -  10 Signs - 12/10/2023 11:10am,10 Signs,12/10/2023 11:10,23/24,8724,Langdon Park Community School,15,15,Education Setting,Maintained School,Tower Hamlets,28,61,No
9119,9119 -  10 Signs - 12/10/2023 1:40pm,10 Signs,12/10/2023 13:40,23/24,8724,Langdon Park Community School,15,15,Education Setting,Maintained School,Tower Hamlets,0,61,No
9120,9120 -  10 Signs - 12/10/2023 1:40pm,10 Signs,12/10/2023 13:40,23/24,8724,Langdon Park Community School,15,15,Education Setting,Maintained School,Tower Hamlets,0,61,No
9121,9121 -  10 Signs - 12/10/2023 1:40pm,10 Signs,12/10/2023 13:40,23/24,8724,Langdon Park Community School,15,15,Education Setting,Maintained School,Tower Hamlets,0,61,No
9122,9122 -  10 Signs - 12/10/2023 1:40pm,10 Signs,12/10/2023 13:40,23/24,8724,Langdon Park Community School,15,15,Education Setting,Maintained School,Tower Hamlets,26,61,No
9123,9123 -  10 Signs - 12/10/2023 2:30pm,10 Signs,12/10/2023 14:30,23/24,8740,New Horizons Youth Centre,19,19,Community Organisation,Vulnerable Groups,Camden,6,,Yes (2 leaders)
9125,9125 -  10 Signs - 17/10/2023 9:00am,10 Signs,17/10/2023 09:00,23/24,8729,London Design & Engineering UTC,13,13,Education Setting,Maintained School,Newham,0,41,No
9126,9126 -  10 Signs - 17/10/2023 9:00am,10 Signs,17/10/2023 09:00,23/24,8729,London Design & Engineering UTC,12,12,Education Setting,Maintained School,Newham,1,41,No
9127,9127 -  10 Signs - 17/10/2023 9:00am,10 Signs,17/10/2023 09:00,23/24,8729,London Design & Engineering UTC,13,13,Education Setting,Maintained School,Newham,0,41,No
9128,9128 -  10 Signs - 17/10/2023 9:00am,10 Signs,17/10/2023 09:00,23/24,8729,London Design & Engineering UTC,12,12,Education Setting,Maintained School,Newham,0,41,No
9129,9129 -  10 Signs - 17/10/2023 9:00am,10 Signs,17/10/2023 09:00,23/24,8729,London Design & Engineering UTC,13,13,Education Setting,Maintained School,Newham,1,41,No
9130,9130 -  10 Signs - 17/10/2023 9:00am,10 Signs,17/10/2023 09:00,23/24,8729,London Design & Engineering UTC,12,12,Education Setting,Maintained School,Newham,0,41,No
9131,9131 -  10 Signs - 17/10/2023 9:00am,10 Signs,17/10/2023 09:00,23/24,8729,London Design & Engineering UTC,13,13,Education Setting,Maintained School,Newham,1,41,No
9132,9132 -  10 Signs - 17/10/2023 9:00am,10 Signs,17/10/2023 09:00,23/24,8729,London Design & Engineering UTC,12,12,Education Setting,Maintained School,Newham,53,41,No
9134,9134 -  Delving Deeper - 19/10/2023 2:30pm,Delving Deeper,19/10/2023 14:30,23/24,8740,New Horizons Youth Centre,12,12,Community Organisation,Vulnerable Groups,Camden,8,,Yes (2 leaders)
9135,9135 -  Delving Deeper - 19/10/2023 6:30pm,Delving Deeper,19/10/2023 18:30,23/24,8694,Devas Youth Club,25,25,Community Organisation,Community Org,Wandsworth,13,,No
9136,9136 -  10 Signs - 20/10/2023 11:50am,10 Signs,20/10/2023 11:50,23/24,8700,Elizabeth Garrett Anderson School,15,15,Education Setting,Maintained School,Islington,0,55,No
9137,9137 -  10 Signs - 20/10/2023 11:50am,10 Signs,20/10/2023 11:50,23/24,8700,Elizabeth Garrett Anderson School,15,15,Education Setting,Maintained School,Islington,0,55,No
9138,9138 -  10 Signs - 20/10/2023 11:50am,10 Signs,20/10/2023 11:50,23/24,8700,Elizabeth Garrett Anderson School,15,15,Education Setting,Maintained School,Islington,1,55,No
9139,9139 -  10 Signs - 20/10/2023 11:50am,10 Signs,20/10/2023 11:50,23/24,8700,Elizabeth Garrett Anderson School,15,15,Education Setting,Maintained School,Islington,0,55,No
9140,9140 -  10 Signs - 20/10/2023 11:50am,10 Signs,20/10/2023 11:50,23/24,8700,Elizabeth Garrett Anderson School,15,15,Education Setting,Maintained School,Islington,0,55,No
9141,9141 -  10 Signs - 20/10/2023 11:50am,10 Signs,20/10/2023 11:50,23/24,8700,Elizabeth Garrett Anderson School,15,15,Education Setting,Maintained School,Islington,1,55,No
9142,9142 -  10 Signs - 20/10/2023 11:50am,10 Signs,20/10/2023 11:50,23/24,8700,Elizabeth Garrett Anderson School,15,15,Education Setting,Maintained School,Islington,1,55,No
9143,9143 -  10 Signs - 20/10/2023 11:50am,10 Signs,20/10/2023 11:50,23/24,8700,Elizabeth Garrett Anderson School,15,15,Education Setting,Maintained School,Islington,1,55,No
9144,9144 -  10 Signs - 20/10/2023 11:50am,10 Signs,20/10/2023 11:50,23/24,8700,Elizabeth Garrett Anderson School,15,15,Education Setting,Maintained School,Islington,1,55,No
9145,9145 -  10 Signs - 20/10/2023 11:50am,10 Signs,20/10/2023 11:50,23/24,8700,Elizabeth Garrett Anderson School,15,15,Education Setting,Maintained School,Islington,168,55,No
9146,9146 -  10 Signs - 24/10/2023 10:00am,10 Signs,24/10/2023 10:00,23/24,8755,Project Zero,15,15,Community Organisation,Community Org,Waltham Forest,8,,No
9148,9148 -  Sharing Intimate Images - 02/11/2023 2:30pm,Sharing Intimate Images,02/11/2023 14:30,23/24,8740,New Horizons Youth Centre,20,20,Community Organisation,Vulnerable Groups,Camden,5,,Yes (2 leaders)
9149,9149 -  Delving Deeper - 07/11/2023 11:20am,Delving Deeper,07/11/2023 11:20,23/24,8797,Woodmansterne School,18,18,Education Setting,Maintained School,Lambeth,0,24,No
9150,9150 -  Delving Deeper - 07/11/2023 11:20am,Delving Deeper,07/11/2023 11:20,23/24,8797,Woodmansterne School,19,19,Education Setting,Maintained School,Lambeth,1,24,No
9151,9151 -  Delving Deeper - 07/11/2023 11:20am,Delving Deeper,07/11/2023 11:20,23/24,8797,Woodmansterne School,19,19,Education Setting,Maintained School,Lambeth,0,24,No
9152,9152 -  Delving Deeper - 07/11/2023 11:20am,Delving Deeper,07/11/2023 11:20,23/24,8797,Woodmansterne School,19,19,Education Setting,Maintained School,Lambeth,1,24,No
9153,9153 -  Delving Deeper - 07/11/2023 11:20am,Delving Deeper,07/11/2023 11:20,23/24,8797,Woodmansterne School,18,18,Education Setting,Maintained School,Lambeth,0,24,No
9154,9154 -  Delving Deeper - 07/11/2023 11:20am,Delving Deeper,07/11/2023 11:20,23/24,8797,Woodmansterne School,19,19,Education Setting,Maintained School,Lambeth,0,24,No
9155,9155 -  Delving Deeper - 07/11/2023 11:20am,Delving Deeper,07/11/2023 11:20,23/24,8797,Woodmansterne School,19,19,Education Setting,Maintained School,Lambeth,0,24,No
9156,9156 -  Delving Deeper - 07/11/2023 11:20am,Delving Deeper,07/11/2023 11:20,23/24,8797,Woodmansterne School,19,19,Education Setting,Maintained School,Lambeth,120,24,No
9158,9158 -  Delving Deeper - 14/11/2023 9:00am,Delving Deeper,14/11/2023 09:00,23/24,8729,London Design & Engineering UTC,13,13,Education Setting,Maintained School,Newham,0,41,No
9159,9159 -  Delving Deeper - 14/11/2023 9:00am,Delving Deeper,14/11/2023 09:00,23/24,8729,London Design & Engineering UTC,12,12,Education Setting,Maintained School,Newham,1,41,No
9160,9160 -  Delving Deeper - 14/11/2023 9:00am,Delving Deeper,14/11/2023 09:00,23/24,8729,London Design & Engineering UTC,13,13,Education Setting,Maintained School,Newham,0,41,No
9161,9161 -  Delving Deeper - 14/11/2023 9:00am,Delving Deeper,14/11/2023 09:00,23/24,8729,London Design & Engineering UTC,12,12,Education Setting,Maintained School,Newham,1,41,No
9162,9162 -  Delving Deeper - 14/11/2023 9:00am,Delving Deeper,14/11/2023 09:00,23/24,8729,London Design & Engineering UTC,13,13,Education Setting,Maintained School,Newham,0,41,No
9163,9163 -  Delving Deeper - 14/11/2023 9:00am,Delving Deeper,14/11/2023 09:00,23/24,8729,London Design & Engineering UTC,12,12,Education Setting,Maintained School,Newham,0,41,No
9164,9164 -  Delving Deeper - 14/11/2023 9:00am,Delving Deeper,14/11/2023 09:00,23/24,8729,London Design & Engineering UTC,13,13,Education Setting,Maintained School,Newham,1,41,No
9165,9165 -  Delving Deeper - 14/11/2023 9:00am,Delving Deeper,14/11/2023 09:00,23/24,8729,London Design & Engineering UTC,12,12,Education Setting,Maintained School,Newham,39,41,No
9166,9166 -  10 Signs - 16/11/2023 8:30am,10 Signs,16/11/2023 08:30,23/24,8716,Haverstock School,15,15,Education Setting,Maintained School,Camden,0,73,No
9167,9167 -  10 Signs - 16/11/2023 8:30am,10 Signs,16/11/2023 08:30,23/24,8716,Haverstock School,15,15,Education Setting,Maintained School,Camden,0,73,No
9168,9168 -  10 Signs - 16/11/2023 8:30am,10 Signs,16/11/2023 08:30,23/24,8716,Haverstock School,15,15,Education Setting,Maintained School,Camden,0,73,No
9169,9169 -  10 Signs - 16/11/2023 8:30am,10 Signs,16/11/2023 08:30,23/24,8716,Haverstock School,15,15,Education Setting,Maintained School,Camden,1,73,No
9170,9170 -  10 Signs - 16/11/2023 8:30am,10 Signs,16/11/2023 08:30,23/24,8716,Haverstock School,16,16,Education Setting,Maintained School,Camden,0,73,No
9171,9171 -  10 Signs - 16/11/2023 8:30am,10 Signs,16/11/2023 08:30,23/24,8716,Haverstock School,16,16,Education Setting,Maintained School,Camden,0,73,No
9172,9172 -  10 Signs - 16/11/2023 8:30am,10 Signs,16/11/2023 08:30,23/24,8716,Haverstock School,16,16,Education Setting,Maintained School,Camden,0,73,No
9173,9173 -  10 Signs - 16/11/2023 8:30am,10 Signs,16/11/2023 08:30,23/24,8716,Haverstock School,16,16,Education Setting,Maintained School,Camden,0,73,No
9174,9174 -  10 Signs - 16/11/2023 8:30am,10 Signs,16/11/2023 08:30,23/24,8716,Haverstock School,16,16,Education Setting,Maintained School,Camden,0,73,No
9175,9175 -  10 Signs - 16/11/2023 8:30am,10 Signs,16/11/2023 08:30,23/24,8716,Haverstock School,16,16,Education Setting,Maintained School,Camden,64,73,No
9176,9176 -  Impact of pornography - 16/11/2023 2:30pm,Impact of pornography,16/11/2023 14:30,23/24,8740,New Horizons Youth Centre,20,20,Community Organisation,Vulnerable Groups,Camden,3,,Yes (2 leaders)
9177,9177 -  10 Signs - 17/11/2023 6:00pm,10 Signs,17/11/2023 18:00,23/24,8793,Westbourne Park Family Centre,15,15,Community Organisation,Community Org,Westminster,0,,No
9178,9178 -  10 Signs - 17/11/2023 6:00pm,10 Signs,17/11/2023 18:00,23/24,8793,Westbourne Park Family Centre,15,15,Community Organisation,Community Org,Westminster,23,,No
9179,9179 -  10 Signs - 17/11/2023 6:00pm,10 Signs,17/11/2023 18:00,23/24,8788,Turkish & Kurdish Children's Group,10,10,Community Organisation,Cultural Organisation,Islington,10,,No
9180,9180 -  Delving Deeper - 21/11/2023 9:00am,Delving Deeper,21/11/2023 09:00,23/24,8729,London Design & Engineering UTC,12,12,Education Setting,Maintained School,Newham,0,41,No
9181,9181 -  Delving Deeper - 21/11/2023 9:00am,Delving Deeper,21/11/2023 09:00,23/24,8729,London Design & Engineering UTC,13,13,Education Setting,Maintained School,Newham,1,41,No
9182,9182 -  Delving Deeper - 21/11/2023 9:00am,Delving Deeper,21/11/2023 09:00,23/24,8729,London Design & Engineering UTC,12,12,Education Setting,Maintained School,Newham,1,41,No
9183,9183 -  Delving Deeper - 21/11/2023 9:00am,Delving Deeper,21/11/2023 09:00,23/24,8729,London Design & Engineering UTC,13,13,Education Setting,Maintained School,Newham,0,41,No
9184,9184 -  Delving Deeper - 21/11/2023 9:00am,Delving Deeper,21/11/2023 09:00,23/24,8729,London Design & Engineering UTC,12,12,Education Setting,Maintained School,Newham,0,41,No
9185,9185 -  Delving Deeper - 21/11/2023 9:00am,Delving Deeper,21/11/2023 09:00,23/24,8729,London Design & Engineering UTC,13,13,Education Setting,Maintained School,Newham,0,41,No
9186,9186 -  Delving Deeper - 21/11/2023 9:00am,Delving Deeper,21/11/2023 09:00,23/24,8729,London Design & Engineering UTC,12,12,Education Setting,Maintained School,Newham,0,41,No
9187,9187 -  Delving Deeper - 21/11/2023 9:00am,Delving Deeper,21/11/2023 09:00,23/24,8729,London Design & Engineering UTC,13,13,Education Setting,Maintained School,Newham,74,41,No
9188,9188 -  10 Signs - 21/11/2023 4:30pm,10 Signs,21/11/2023 16:30,23/24,8806,Youth Realities,10,10,Community Organisation,Vulnerable Groups,Brent,0,,Yes (1 leader + PM)
9190,9190 -  10 Signs - 27/11/2023 12:00am,10 Signs,27/11/2023 00:00,23/24,8686,Carshalton Football Club,15,15,Community Organisation,Sports,Sutton,7,,No
9191,9191 -  10 Signs - 28/11/2023 10:00am,10 Signs,28/11/2023 10:00,23/24,8721,JACE Training,15,15,Education Setting,Alternative Education,Sutton,9,,No
9192,9192 -  Delving Deeper - 01/12/2023 5:00pm,Delving Deeper,01/12/2023 17:00,23/24,8788,Turkish & Kurdish Children's Group,10,10,Community Organisation,Cultural Organisation,Islington,6,,No
9194,9194 -  10 Signs - 07/12/2023 9:00am,10 Signs,07/12/2023 09:00,23/24,8759,Raynes Park High School,14,14,Education Setting,Maintained School,Merton,1,40,No
9195,9195 -  10 Signs - 07/12/2023 9:00am,10 Signs,07/12/2023 09:00,23/24,8759,Raynes Park High School,14,14,Education Setting,Maintained School,Merton,1,40,No
9196,9196 -  10 Signs - 07/12/2023 9:00am,10 Signs,07/12/2023 09:00,23/24,8759,Raynes Park High School,14,14,Education Setting,Maintained School,Merton,0,40,No
9197,9197 -  10 Signs - 07/12/2023 9:00am,10 Signs,07/12/2023 09:00,23/24,8759,Raynes Park High School,14,14,Education Setting,Maintained School,Merton,1,40,No
9198,9198 -  10 Signs - 07/12/2023 9:00am,10 Signs,07/12/2023 09:00,23/24,8759,Raynes Park High School,14,14,Education Setting,Maintained School,Merton,1,40,No
9199,9199 -  10 Signs - 07/12/2023 9:00am,10 Signs,07/12/2023 09:00,23/24,8759,Raynes Park High School,14,14,Education Setting,Maintained School,Merton,1,40,No
9200,9200 -  10 Signs - 07/12/2023 9:00am,10 Signs,07/12/2023 09:00,23/24,8759,Raynes Park High School,14,14,Education Setting,Maintained School,Merton,0,40,No
9201,9201 -  10 Signs - 07/12/2023 9:00am,10 Signs,07/12/2023 09:00,23/24,8759,Raynes Park High School,15,15,Education Setting,Maintained School,Merton,66,40,No
9203,9203 -  10 Signs - 07/12/2023 11:30am,10 Signs,07/12/2023 11:30,23/24,8759,Raynes Park High School,14,14,Education Setting,Maintained School,Merton,0,40,No
9204,9204 -  10 Signs - 07/12/2023 11:30am,10 Signs,07/12/2023 11:30,23/24,8759,Raynes Park High School,14,14,Education Setting,Maintained School,Merton,0,40,No
9205,9205 -  10 Signs - 07/12/2023 11:30am,10 Signs,07/12/2023 11:30,23/24,8759,Raynes Park High School,14,14,Education Setting,Maintained School,Merton,0,40,No
9206,9206 -  10 Signs - 07/12/2023 11:30am,10 Signs,07/12/2023 11:30,23/24,8759,Raynes Park High School,14,14,Education Setting,Maintained School,Merton,0,40,No
9207,9207 -  10 Signs - 07/12/2023 11:30am,10 Signs,07/12/2023 11:30,23/24,8759,Raynes Park High School,14,14,Education Setting,Maintained School,Merton,0,40,No
9208,9208 -  10 Signs - 07/12/2023 11:30am,10 Signs,07/12/2023 11:30,23/24,8759,Raynes Park High School,14,14,Education Setting,Maintained School,Merton,0,40,No
9209,9209 -  10 Signs - 07/12/2023 11:30am,10 Signs,07/12/2023 11:30,23/24,8759,Raynes Park High School,14,14,Education Setting,Maintained School,Merton,69,40,No
9210,9210 -  10 Signs - 07/12/2023 11:30am,10 Signs,07/12/2023 11:30,23/24,8759,Raynes Park High School,15,15,Education Setting,Maintained School,Merton,0,40,No
9211,9211 -  Impact of pornography - 12/12/2023 8:30am,Impact of pornography,12/12/2023 08:30,23/24,8724,Langdon Park Community School,12,12,Education Setting,Maintained School,Tower Hamlets,0,61,No
9212,9212 -  Impact of pornography - 12/12/2023 8:30am,Impact of pornography,12/12/2023 08:30,23/24,8724,Langdon Park Community School,13,13,Education Setting,Maintained School,Tower Hamlets,1,61,No
9213,9213 -  Impact of pornography - 12/12/2023 8:30am,Impact of pornography,12/12/2023 08:30,23/24,8724,Langdon Park Community School,12,12,Education Setting,Maintained School,Tower Hamlets,0,61,No
9214,9214 -  Impact of pornography - 12/12/2023 8:30am,Impact of pornography,12/12/2023 08:30,23/24,8724,Langdon Park Community School,13,13,Education Setting,Maintained School,Tower Hamlets,3,61,No
9215,9215 -  Impact of pornography - 12/12/2023 8:30am,Impact of pornography,12/12/2023 08:30,23/24,8724,Langdon Park Community School,12,12,Education Setting,Maintained School,Tower Hamlets,6,61,No
9216,9216 -  Impact of pornography - 12/12/2023 8:30am,Impact of pornography,12/12/2023 08:30,23/24,8724,Langdon Park Community School,13,13,Education Setting,Maintained School,Tower Hamlets,0,61,No
9217,9217 -  Impact of pornography - 12/12/2023 8:30am,Impact of pornography,12/12/2023 08:30,23/24,8724,Langdon Park Community School,12,12,Education Setting,Maintained School,Tower Hamlets,0,61,No
9218,9218 -  Impact of pornography - 12/12/2023 8:30am,Impact of pornography,12/12/2023 08:30,23/24,8724,Langdon Park Community School,13,13,Education Setting,Maintained School,Tower Hamlets,53,61,No
9219,9219 -  Sharing Intimate Images - 12/12/2023 10:40am,Sharing Intimate Images,12/12/2023 10:40,23/24,8724,Langdon Park Community School,12,12,Education Setting,Maintained School,Tower Hamlets,0,61,No
9220,9220 -  Sharing Intimate Images - 12/12/2023 10:40am,Sharing Intimate Images,12/12/2023 10:40,23/24,8724,Langdon Park Community School,13,13,Education Setting,Maintained School,Tower Hamlets,0,61,No
9221,9221 -  Sharing Intimate Images - 12/12/2023 10:40am,Sharing Intimate Images,12/12/2023 10:40,23/24,8724,Langdon Park Community School,12,12,Education Setting,Maintained School,Tower Hamlets,0,61,No
9222,9222 -  Sharing Intimate Images - 12/12/2023 10:40am,Sharing Intimate Images,12/12/2023 10:40,23/24,8724,Langdon Park Community School,13,13,Education Setting,Maintained School,Tower Hamlets,1,61,No
9223,9223 -  Sharing Intimate Images - 12/12/2023 10:40am,Sharing Intimate Images,12/12/2023 10:40,23/24,8724,Langdon Park Community School,12,12,Education Setting,Maintained School,Tower Hamlets,0,61,No
9224,9224 -  Sharing Intimate Images - 12/12/2023 10:40am,Sharing Intimate Images,12/12/2023 10:40,23/24,8724,Langdon Park Community School,13,13,Education Setting,Maintained School,Tower Hamlets,2,61,No
9225,9225 -  Sharing Intimate Images - 12/12/2023 10:40am,Sharing Intimate Images,12/12/2023 10:40,23/24,8724,Langdon Park Community School,12,12,Education Setting,Maintained School,Tower Hamlets,0,61,No
9226,9226 -  Sharing Intimate Images - 12/12/2023 10:40am,Sharing Intimate Images,12/12/2023 10:40,23/24,8724,Langdon Park Community School,13,13,Education Setting,Maintained School,Tower Hamlets,0,61,No
9227,9227 -  10 Signs - 13/12/2023 9:00am,10 Signs,13/12/2023 09:00,23/24,8759,Raynes Park High School,12,12,Education Setting,Maintained School,Merton,0,40,No
9228,9228 -  10 Signs - 13/12/2023 9:00am,10 Signs,13/12/2023 09:00,23/24,8759,Raynes Park High School,13,13,Education Setting,Maintained School,Merton,0,40,No
9229,9229 -  10 Signs - 13/12/2023 9:00am,10 Signs,13/12/2023 09:00,23/24,8759,Raynes Park High School,13,13,Education Setting,Maintained School,Merton,52,40,No
9230,9230 -  10 Signs - 13/12/2023 9:00am,10 Signs,13/12/2023 09:00,23/24,8759,Raynes Park High School,13,13,Education Setting,Maintained School,Merton,0,40,No
9231,9231 -  10 Signs - 13/12/2023 9:00am,10 Signs,13/12/2023 09:00,23/24,8759,Raynes Park High School,12,12,Education Setting,Maintained School,Merton,0,40,No
9232,9232 -  10 Signs - 13/12/2023 9:00am,10 Signs,13/12/2023 09:00,23/24,8759,Raynes Park High School,13,13,Education Setting,Maintained School,Merton,0,40,No
9233,9233 -  10 Signs - 13/12/2023 9:00am,10 Signs,13/12/2023 09:00,23/24,8759,Raynes Park High School,13,13,Education Setting,Maintained School,Merton,0,40,No
9234,9234 -  10 Signs - 13/12/2023 9:00am,10 Signs,13/12/2023 09:00,23/24,8759,Raynes Park High School,13,13,Education Setting,Maintained School,Merton,60,40,No
9235,9235 -  10 Signs - 13/12/2023 11:30am,10 Signs,13/12/2023 11:30,23/24,8759,Raynes Park High School,12,12,Education Setting,Maintained School,Merton,0,40,No
9236,9236 -  10 Signs - 13/12/2023 11:30am,10 Signs,13/12/2023 11:30,23/24,8759,Raynes Park High School,13,13,Education Setting,Maintained School,Merton,0,40,No
9237,9237 -  10 Signs - 13/12/2023 11:30am,10 Signs,13/12/2023 11:30,23/24,8759,Raynes Park High School,13,13,Education Setting,Maintained School,Merton,0,40,No
9238,9238 -  10 Signs - 13/12/2023 11:30am,10 Signs,13/12/2023 11:30,23/24,8759,Raynes Park High School,13,13,Education Setting,Maintained School,Merton,0,40,No
9239,9239 -  10 Signs - 13/12/2023 11:30am,10 Signs,13/12/2023 11:30,23/24,8759,Raynes Park High School,12,12,Education Setting,Maintained School,Merton,0,40,No
9240,9240 -  10 Signs - 13/12/2023 11:30am,10 Signs,13/12/2023 11:30,23/24,8759,Raynes Park High School,13,13,Education Setting,Maintained School,Merton,0,40,No
9241,9241 -  10 Signs - 13/12/2023 11:30am,10 Signs,13/12/2023 11:30,23/24,8759,Raynes Park High School,13,13,Education Setting,Maintained School,Merton,0,40,No
9242,9242 -  10 Signs - 13/12/2023 11:30am,10 Signs,13/12/2023 11:30,23/24,8759,Raynes Park High School,13,13,Education Setting,Maintained School,Merton,0,40,No
9243,9243 -  10 Signs - 03/01/2024 11:00am,10 Signs,03/01/2024 11:00,23/24,8678,Bloomsbury Football,20,20,Community Organisation,Sports,Islington,3,,No
9244,9244 -  10 Signs - 04/01/2024 10:00am,10 Signs,04/01/2024 10:00,23/24,8691,Chelsea FC Foundation,10,10,Community Organisation,Sports,Hammersmith and Fulham,0,,No
9245,9245 -  10 Signs - 04/01/2024 10:00am,10 Signs,04/01/2024 10:00,23/24,8691,Chelsea FC Foundation,10,10,Community Organisation,Sports,Hammersmith and Fulham,0,,No
9246,9246 -  10 Signs - 04/01/2024 12:00pm,10 Signs,04/01/2024 12:00,23/24,8691,Chelsea FC Foundation,10,10,Community Organisation,Sports,Hammersmith and Fulham,0,,No
9247,9247 -  10 Signs - 04/01/2024 12:00pm,10 Signs,04/01/2024 12:00,23/24,8691,Chelsea FC Foundation,10,10,Community Organisation,Sports,Hammersmith and Fulham,11,,No
9248,9248 -  10 Signs - 05/01/2024 10:00am,10 Signs,05/01/2024 10:00,23/24,8691,Chelsea FC Foundation,10,10,Community Organisation,Sports,Hammersmith and Fulham,0,,No
9249,9249 -  10 Signs - 05/01/2024 10:00am,10 Signs,05/01/2024 10:00,23/24,8691,Chelsea FC Foundation,10,10,Community Organisation,Sports,Hammersmith and Fulham,14,,No
9250,9250 -  10 Signs - 05/01/2024 12:00pm,10 Signs,05/01/2024 12:00,23/24,8691,Chelsea FC Foundation,10,10,Community Organisation,Sports,Hammersmith and Fulham,0,,No
9251,9251 -  10 Signs - 05/01/2024 12:00pm,10 Signs,05/01/2024 12:00,23/24,8691,Chelsea FC Foundation,10,10,Community Organisation,Sports,Hammersmith and Fulham,11,,No
9252,9252 -  10 Signs - 16/01/2024 9:25am,10 Signs,16/01/2024 09:25,23/24,8693,Cumberland CST,15,15,Education Setting,Maintained School,Newham,0,52,No
9253,9253 -  10 Signs - 23/01/2024 9:25am,10 Signs,23/01/2024 09:25,23/24,8693,Cumberland CST,0,0,Education Setting,Maintained School,Newham,16,52,No
9254,9254 -  Sharing Intimate Images - 29/01/2024 9:00am,Sharing Intimate Images,29/01/2024 09:00,23/24,8724,Langdon Park Community School,15,15,Education Setting,Maintained School,Tower Hamlets,0,61,No
9255,9255 -  Sharing Intimate Images - 29/01/2024 9:00am,Sharing Intimate Images,29/01/2024 09:00,23/24,8724,Langdon Park Community School,15,15,Education Setting,Maintained School,Tower Hamlets,0,61,No
9256,9256 -  Sharing Intimate Images - 29/01/2024 9:00am,Sharing Intimate Images,29/01/2024 09:00,23/24,8724,Langdon Park Community School,15,15,Education Setting,Maintained School,Tower Hamlets,0,61,No
9257,9257 -  Sharing Intimate Images - 29/01/2024 9:00am,Sharing Intimate Images,29/01/2024 09:00,23/24,8724,Langdon Park Community School,15,15,Education Setting,Maintained School,Tower Hamlets,28,61,No
9258,9258 -  Sharing Intimate Images - 29/01/2024 11:10am,Sharing Intimate Images,29/01/2024 11:10,23/24,8724,Langdon Park Community School,15,15,Education Setting,Maintained School,Tower Hamlets,40,61,No
9259,9259 -  Sharing Intimate Images - 29/01/2024 11:10am,Sharing Intimate Images,29/01/2024 11:10,23/24,8724,Langdon Park Community School,15,15,Education Setting,Maintained School,Tower Hamlets,0,61,No
9260,9260 -  Sharing Intimate Images - 29/01/2024 11:10am,Sharing Intimate Images,29/01/2024 11:10,23/24,8724,Langdon Park Community School,15,15,Education Setting,Maintained School,Tower Hamlets,0,61,No
9261,9261 -  Sharing Intimate Images - 29/01/2024 11:10am,Sharing Intimate Images,29/01/2024 11:10,23/24,8724,Langdon Park Community School,15,15,Education Setting,Maintained School,Tower Hamlets,0,61,No
9262,9262 -  Sharing Intimate Images - 29/01/2024 1:40pm,Sharing Intimate Images,29/01/2024 13:40,23/24,8724,Langdon Park Community School,15,15,Education Setting,Maintained School,Tower Hamlets,0,61,No
9263,9263 -  Sharing Intimate Images - 29/01/2024 1:40pm,Sharing Intimate Images,29/01/2024 13:40,23/24,8724,Langdon Park Community School,15,15,Education Setting,Maintained School,Tower Hamlets,41,61,No
9264,9264 -  Sharing Intimate Images - 29/01/2024 1:40pm,Sharing Intimate Images,29/01/2024 13:40,23/24,8724,Langdon Park Community School,15,15,Education Setting,Maintained School,Tower Hamlets,0,61,No
9265,9265 -  Sharing Intimate Images - 29/01/2024 1:40pm,Sharing Intimate Images,29/01/2024 13:40,23/24,8724,Langdon Park Community School,15,15,Education Setting,Maintained School,Tower Hamlets,0,61,No
9266,9266 -  10 Signs - 30/01/2024 9:25am,10 Signs,30/01/2024 09:25,23/24,8693,Cumberland CST,15,15,Education Setting,Maintained School,Newham,0,52,No
9267,9267 -  10 Signs - 01/02/2024 8:55am,10 Signs,01/02/2024 08:55,23/24,8710,Haberdashers' Hatcham College,15,15,Education Setting,Maintained School,Lewisham,0,29,No
9268,9268 -  10 Signs - 01/02/2024 8:55am,10 Signs,01/02/2024 08:55,23/24,8710,Haberdashers' Hatcham College,15,15,Education Setting,Maintained School,Lewisham,0,29,No
9269,9269 -  10 Signs - 01/02/2024 8:55am,10 Signs,01/02/2024 08:55,23/24,8710,Haberdashers' Hatcham College,15,15,Education Setting,Maintained School,Lewisham,0,29,No
9270,9270 -  10 Signs - 01/02/2024 8:55am,10 Signs,01/02/2024 08:55,23/24,8710,Haberdashers' Hatcham College,15,15,Education Setting,Maintained School,Lewisham,0,29,No
9271,9271 -  10 Signs - 01/02/2024 8:55am,10 Signs,01/02/2024 08:55,23/24,8710,Haberdashers' Hatcham College,15,15,Education Setting,Maintained School,Lewisham,30,29,No
9272,9272 -  10 Signs - 01/02/2024 8:55am,10 Signs,01/02/2024 08:55,23/24,8710,Haberdashers' Hatcham College,15,15,Education Setting,Maintained School,Lewisham,1,29,No
9273,9273 -  10 Signs - 01/02/2024 11:00am,10 Signs,01/02/2024 11:00,23/24,8710,Haberdashers' Hatcham College,15,15,Education Setting,Maintained School,Lewisham,0,29,No
9274,9274 -  10 Signs - 01/02/2024 11:00am,10 Signs,01/02/2024 11:00,23/24,8710,Haberdashers' Hatcham College,15,15,Education Setting,Maintained School,Lewisham,0,29,No
9275,9275 -  10 Signs - 01/02/2024 11:00am,10 Signs,01/02/2024 11:00,23/24,8710,Haberdashers' Hatcham College,15,15,Education Setting,Maintained School,Lewisham,0,29,No
9276,9276 -  10 Signs - 01/02/2024 11:00am,10 Signs,01/02/2024 11:00,23/24,8710,Haberdashers' Hatcham College,15,15,Education Setting,Maintained School,Lewisham,0,29,No
9277,9277 -  10 Signs - 01/02/2024 11:00am,10 Signs,01/02/2024 11:00,23/24,8710,Haberdashers' Hatcham College,15,15,Education Setting,Maintained School,Lewisham,41,29,No
9279,9279 -  10 Signs - 01/02/2024 11:00am,10 Signs,01/02/2024 11:00,23/24,8710,Haberdashers' Hatcham College,15,15,Education Setting,Maintained School,Lewisham,0,29,No
9280,9280 -  10 Signs - 01/02/2024 1:20am,10 Signs,01/02/2024 01:20,23/24,8710,Haberdashers' Hatcham College,15,15,Education Setting,Maintained School,Lewisham,0,29,No
9281,9281 -  10 Signs - 01/02/2024 1:20am,10 Signs,01/02/2024 01:20,23/24,8710,Haberdashers' Hatcham College,15,15,Education Setting,Maintained School,Lewisham,2,29,No
9282,9282 -  10 Signs - 01/02/2024 1:20am,10 Signs,01/02/2024 01:20,23/24,8710,Haberdashers' Hatcham College,15,15,Education Setting,Maintained School,Lewisham,1,29,No
9283,9283 -  10 Signs - 01/02/2024 1:20am,10 Signs,01/02/2024 01:20,23/24,8710,Haberdashers' Hatcham College,15,15,Education Setting,Maintained School,Lewisham,64,29,No
9284,9284 -  10 Signs - 06/02/2024 9:25am,10 Signs,06/02/2024 09:25,23/24,8693,Cumberland CST,0,0,Education Setting,Maintained School,Newham,0,52,No
9285,9285 -  10 Signs - 08/02/2024 8:50am,10 Signs,08/02/2024 08:50,23/24,8765,Sacred Heart High School,15,15,Education Setting,Faith Based School - Christian,Hammersmith and Fulham,0,17,No
9286,9286 -  10 Signs - 08/02/2024 8:50am,10 Signs,08/02/2024 08:50,23/24,8765,Sacred Heart High School,15,15,Education Setting,Faith Based School - Christian,Hammersmith and Fulham,0,17,No
9287,9287 -  10 Signs - 08/02/2024 8:50am,10 Signs,08/02/2024 08:50,23/24,8765,Sacred Heart High School,15,15,Education Setting,Faith Based School - Christian,Hammersmith and Fulham,1,17,No
9288,9288 -  10 Signs - 08/02/2024 8:50am,10 Signs,08/02/2024 08:50,23/24,8765,Sacred Heart High School,15,15,Education Setting,Faith Based School - Christian,Hammersmith and Fulham,2,17,No
9289,9289 -  10 Signs - 08/02/2024 8:50am,10 Signs,08/02/2024 08:50,23/24,8765,Sacred Heart High School,15,15,Education Setting,Faith Based School - Christian,Hammersmith and Fulham,1,17,No
9290,9290 -  10 Signs - 08/02/2024 8:50am,10 Signs,08/02/2024 08:50,23/24,8765,Sacred Heart High School,15,15,Education Setting,Faith Based School - Christian,Hammersmith and Fulham,111,17,No
9291,9291 -  10 Signs - 08/02/2024 11:10am,10 Signs,08/02/2024 11:10,23/24,8765,Sacred Heart High School,15,15,Education Setting,Faith Based School - Christian,Hammersmith and Fulham,0,17,No
9292,9292 -  10 Signs - 08/02/2024 11:10am,10 Signs,08/02/2024 11:10,23/24,8765,Sacred Heart High School,15,15,Education Setting,Faith Based School - Christian,Hammersmith and Fulham,0,17,No
9293,9293 -  10 Signs - 08/02/2024 11:10am,10 Signs,08/02/2024 11:10,23/24,8765,Sacred Heart High School,15,15,Education Setting,Faith Based School - Christian,Hammersmith and Fulham,0,17,No
9294,9294 -  10 Signs - 08/02/2024 11:10am,10 Signs,08/02/2024 11:10,23/24,8765,Sacred Heart High School,15,15,Education Setting,Faith Based School - Christian,Hammersmith and Fulham,0,17,No
9295,9295 -  10 Signs - 08/02/2024 11:10am,10 Signs,08/02/2024 11:10,23/24,8765,Sacred Heart High School,15,15,Education Setting,Faith Based School - Christian,Hammersmith and Fulham,0,17,No
9296,9296 -  10 Signs - 08/02/2024 11:10am,10 Signs,08/02/2024 11:10,23/24,8765,Sacred Heart High School,15,15,Education Setting,Faith Based School - Christian,Hammersmith and Fulham,0,17,No
9297,9297 -  10 Signs - 09/02/2024 11:00am,10 Signs,09/02/2024 11:00,23/24,8781,The Big House,15,15,Community Organisation,Vulnerable Groups,Islington,6,,Yes (2 leaders)
9298,9298 -  Delving Deeper - 09/02/2024 1:00pm,Delving Deeper,09/02/2024 13:00,23/24,8781,The Big House,15,15,Community Organisation,Vulnerable Groups,Islington,0,,Yes (2 leaders)
9299,9299 -  10 Signs - 27/02/2024 9:25am,10 Signs,27/02/2024 09:25,23/24,8693,Cumberland CST,15,15,Education Setting,Maintained School,Newham,0,52,No
9301,9301 -  10 Signs - 13/02/2024 1:30pm,10 Signs,13/02/2024 13:30,23/24,8723,Laburnum Boat Club,15,15,Community Organisation,Community Org,Hackney,7,,No
9302,9302 -  Delving Deeper - 14/02/2024 11:00am,Delving Deeper,14/02/2024 11:00,23/24,8781,The Big House,0,0,Community Organisation,Vulnerable Groups,Islington,3,,Yes (2 leaders)
9303,9303 -  Sharing Intimate Images - 14/02/2024 11:00am,Sharing Intimate Images,14/02/2024 11:00,23/24,8781,The Big House,15,15,Community Organisation,Vulnerable Groups,Islington,8,,Yes (2 leaders)
9304,9304 -  10 Signs - 14/02/2024 5:00pm,10 Signs,14/02/2024 17:00,23/24,8719,Ignite,10,10,Community Organisation,Community Org,Harrow,0,,No
9306,9306 -  10 Signs - 20/02/2024 1:05pm,10 Signs,20/02/2024 13:05,23/24,8716,Haverstock School,15,15,Education Setting,Maintained School,Camden,0,73,No
9307,9307 -  10 Signs - 20/02/2024 1:05pm,10 Signs,20/02/2024 13:05,23/24,8716,Haverstock School,15,15,Education Setting,Maintained School,Camden,0,73,No
9308,9308 -  Impact of pornography - 20/02/2024 9:00am,Impact of pornography,20/02/2024 09:00,23/24,8724,Langdon Park Community School,15,15,Education Setting,Maintained School,Tower Hamlets,0,61,No
9309,9309 -  Impact of pornography - 20/02/2024 9:00am,Impact of pornography,20/02/2024 09:00,23/24,8724,Langdon Park Community School,15,15,Education Setting,Maintained School,Tower Hamlets,0,61,No
9310,9310 -  Impact of pornography - 20/02/2024 9:00am,Impact of pornography,20/02/2024 09:00,23/24,8724,Langdon Park Community School,15,15,Education Setting,Maintained School,Tower Hamlets,0,61,No
9311,9311 -  Impact of pornography - 20/02/2024 9:00am,Impact of pornography,20/02/2024 09:00,23/24,8724,Langdon Park Community School,15,15,Education Setting,Maintained School,Tower Hamlets,0,61,No
9312,9312 -  Impact of pornography - 21/02/2024 11:10am,Impact of pornography,21/02/2024 11:10,23/24,8724,Langdon Park Community School,15,15,Education Setting,Maintained School,Tower Hamlets,0,61,No
9313,9313 -  Impact of pornography - 21/02/2024 11:10am,Impact of pornography,21/02/2024 11:10,23/24,8724,Langdon Park Community School,15,15,Education Setting,Maintained School,Tower Hamlets,0,61,No
9314,9314 -  Impact of pornography - 21/02/2024 11:10am,Impact of pornography,21/02/2024 11:10,23/24,8724,Langdon Park Community School,15,15,Education Setting,Maintained School,Tower Hamlets,0,61,No
9315,9315 -  Impact of pornography - 21/02/2024 11:10am,Impact of pornography,21/02/2024 11:10,23/24,8724,Langdon Park Community School,15,15,Education Setting,Maintained School,Tower Hamlets,10,61,No
9316,9316 -  Impact of pornography - 21/02/2024 1:40pm,Impact of pornography,21/02/2024 13:40,23/24,8724,Langdon Park Community School,15,15,Education Setting,Maintained School,Tower Hamlets,0,61,No
9317,9317 -  Impact of pornography - 21/02/2024 1:40pm,Impact of pornography,21/02/2024 13:40,23/24,8724,Langdon Park Community School,15,15,Education Setting,Maintained School,Tower Hamlets,25,61,No
9318,9318 -  Impact of pornography - 21/02/2024 1:40pm,Impact of pornography,21/02/2024 13:40,23/24,8724,Langdon Park Community School,15,15,Education Setting,Maintained School,Tower Hamlets,0,61,No
9319,9319 -  Impact of pornography - 21/02/2024 1:40pm,Impact of pornography,21/02/2024 13:40,23/24,8724,Langdon Park Community School,15,15,Education Setting,Maintained School,Tower Hamlets,40,61,No
9320,9320 -  10 Signs - 21/02/2024 5:00pm,10 Signs,21/02/2024 17:00,23/24,8719,Ignite,0,0,Community Organisation,Community Org,Harrow,7,,No
9322,9322 -  Delving Deeper - 23/02/2024 12:00am,Delving Deeper,23/02/2024 00:00,23/24,8686,Carshalton Football Club,15,15,Community Organisation,Sports,Sutton,0,,No
9323,9323 -  Delving Deeper - 23/02/2024 12:00am,Delving Deeper,23/02/2024 00:00,23/24,8686,Carshalton Football Club,15,15,Community Organisation,Sports,Sutton,0,,No
9324,9324 -  Delving Deeper - 23/02/2024 12:00am,Delving Deeper,23/02/2024 00:00,23/24,8686,Carshalton Football Club,15,15,Community Organisation,Sports,Sutton,0,,No
9325,9325 -  Delving Deeper - 23/02/2024 12:00am,Delving Deeper,23/02/2024 00:00,23/24,8686,Carshalton Football Club,15,15,Community Organisation,Sports,Sutton,1,,No
9326,9326 -  Delving Deeper - 23/02/2024 12:00am,Delving Deeper,23/02/2024 00:00,23/24,8686,Carshalton Football Club,15,15,Community Organisation,Sports,Sutton,13,,No
9328,9328 -  Delving Deeper - 27/02/2024 1:05pm,Delving Deeper,27/02/2024 13:05,23/24,8716,Haverstock School,15,15,Education Setting,Maintained School,Camden,0,73,No
9329,9329 -  Delving Deeper - 27/02/2024 1:05pm,Delving Deeper,27/02/2024 13:05,23/24,8716,Haverstock School,15,15,Education Setting,Maintained School,Camden,0,73,No
9335,9335 -  10 Signs - 13/03/2024 7:00pm,10 Signs,13/03/2024 19:00,23/24,8764,Rugby Portobello Trust,15,15,Community Organisation,Community Org,Kensington and Chelsea,3,,No
9336,9336 -  10 Signs - 20/03/2024 8:30am,10 Signs,20/03/2024 08:30,23/24,8714,Harris Academy Chobham,13,13,Education Setting,Academy,Newham,0,42,No
9337,9337 -  10 Signs - 20/03/2024 8:30am,10 Signs,20/03/2024 08:30,23/24,8714,Harris Academy Chobham,13,13,Education Setting,Academy,Newham,70,42,No
9338,9338 -  10 Signs - 20/03/2024 8:30am,10 Signs,20/03/2024 08:30,23/24,8714,Harris Academy Chobham,13,13,Education Setting,Academy,Newham,0,42,No
9339,9339 -  10 Signs - 20/03/2024 8:30am,10 Signs,20/03/2024 08:30,23/24,8714,Harris Academy Chobham,13,13,Education Setting,Academy,Newham,2,42,No
9340,9340 -  10 Signs - 20/03/2024 8:30am,10 Signs,20/03/2024 08:30,23/24,8714,Harris Academy Chobham,13,13,Education Setting,Academy,Newham,0,42,No
9341,9341 -  10 Signs - 20/03/2024 8:30am,10 Signs,20/03/2024 08:30,23/24,8714,Harris Academy Chobham,13,13,Education Setting,Academy,Newham,1,42,No
9342,9342 -  10 Signs - 20/03/2024 8:30am,10 Signs,20/03/2024 08:30,23/24,8714,Harris Academy Chobham,13,13,Education Setting,Academy,Newham,0,42,No
9343,9343 -  10 Signs - 20/03/2024 8:30am,10 Signs,20/03/2024 08:30,23/24,8714,Harris Academy Chobham,14,14,Education Setting,Academy,Newham,35,42,No
9344,9344 -  10 Signs - 20/03/2024 10:50am,10 Signs,20/03/2024 10:50,23/24,8714,Harris Academy Chobham,13,13,Education Setting,Academy,Newham,0,42,No
9345,9345 -  10 Signs - 20/03/2024 10:50am,10 Signs,20/03/2024 10:50,23/24,8714,Harris Academy Chobham,13,13,Education Setting,Academy,Newham,0,42,No
9346,9346 -  10 Signs - 20/03/2024 10:50am,10 Signs,20/03/2024 10:50,23/24,8714,Harris Academy Chobham,13,13,Education Setting,Academy,Newham,0,42,No
9347,9347 -  10 Signs - 20/03/2024 10:50am,10 Signs,20/03/2024 10:50,23/24,8714,Harris Academy Chobham,13,13,Education Setting,Academy,Newham,0,42,No
9348,9348 -  10 Signs - 20/03/2024 10:50am,10 Signs,20/03/2024 10:50,23/24,8714,Harris Academy Chobham,13,13,Education Setting,Academy,Newham,0,42,No
9349,9349 -  10 Signs - 20/03/2024 10:50am,10 Signs,20/03/2024 10:50,23/24,8714,Harris Academy Chobham,13,13,Education Setting,Academy,Newham,0,42,No
9350,9350 -  10 Signs - 20/03/2024 10:50am,10 Signs,20/03/2024 10:50,23/24,8714,Harris Academy Chobham,13,13,Education Setting,Academy,Newham,0,42,No
9351,9351 -  10 Signs - 20/03/2024 10:50am,10 Signs,20/03/2024 10:50,23/24,8714,Harris Academy Chobham,14,14,Education Setting,Academy,Newham,0,42,No
9352,9352 -  10 Signs - 20/03/2024 7:00pm,10 Signs,20/03/2024 19:00,23/24,8764,Rugby Portobello Trust,0,0,Community Organisation,Community Org,Kensington and Chelsea,1,,No
9355,9355 -  Delving Deeper - 25/03/2024 6:00pm,Delving Deeper,25/03/2024 18:00,23/24,8912,Metro Snap,10,10,Community Organisation,LGBTQ+,Bromley,5,,No
9356,9356 -  10 Signs - 27/03/2024 10:55am,10 Signs,27/03/2024 10:55,23/24,8672,Ark Globe Academy,15,15,Education Setting,Maintained School,Southwark,53,62,No
9357,9357 -  10 Signs - 27/03/2024 1:25pm,10 Signs,27/03/2024 13:25,23/24,8672,Ark Globe Academy,15,15,Education Setting,Maintained School,Southwark,0,62,No
9358,9358 -  10 Signs - 27/03/2024 1:25pm,10 Signs,27/03/2024 13:25,23/24,8672,Ark Globe Academy,15,15,Education Setting,Maintained School,Southwark,0,62,No
9359,9359 -  10 Signs - 27/03/2024 1:25pm,10 Signs,27/03/2024 13:25,23/24,8672,Ark Globe Academy,15,15,Education Setting,Maintained School,Southwark,82,62,No
9360,9360 -  10 Signs - 27/03/2024 1:25pm,10 Signs,27/03/2024 13:25,23/24,8672,Ark Globe Academy,15,15,Education Setting,Maintained School,Southwark,0,62,No
9361,9361 -  10 Signs - 27/03/2024 1:25pm,10 Signs,27/03/2024 13:25,23/24,8672,Ark Globe Academy,15,15,Education Setting,Maintained School,Southwark,0,62,No
9362,9362 -  10 Signs - 27/03/2024 1:25pm,10 Signs,27/03/2024 13:25,23/24,8672,Ark Globe Academy,15,15,Education Setting,Maintained School,Southwark,0,62,No
9363,9363 -  10 Signs - 27/03/2024 1:25pm,10 Signs,27/03/2024 13:25,23/24,8672,Ark Globe Academy,15,15,Education Setting,Maintained School,Southwark,0,62,No
9364,9364 -  10 Signs - 27/03/2024 1:25pm,10 Signs,27/03/2024 13:25,23/24,8672,Ark Globe Academy,15,15,Education Setting,Maintained School,Southwark,0,62,No
9365,9365 -  10 Signs - 27/03/2024 1:25pm,10 Signs,27/03/2024 13:25,23/24,8672,Ark Globe Academy,15,15,Education Setting,Maintained School,Southwark,0,62,No
9366,9366 -  10 Signs - 27/03/2024 1:25pm,10 Signs,27/03/2024 13:25,23/24,8672,Ark Globe Academy,15,15,Education Setting,Maintained School,Southwark,0,62,No
9367,9367 -  10 Signs - 27/03/2024 1:25pm,10 Signs,27/03/2024 13:25,23/24,8672,Ark Globe Academy,15,15,Education Setting,Maintained School,Southwark,0,62,No
9368,9368 -  10 Signs - 03/04/2024 1:00pm,10 Signs,03/04/2024 13:00,23/24,8706,Future M.O.L.D.S Communities,15,15,Community Organisation,Community Org,Barking and Dagenham,11,,No
9369,9369 -  10 Signs - 16/04/2024 5:00pm,10 Signs,16/04/2024 17:00,23/24,8731,Mary's Youth Club,10,10,Community Organisation,Community Org,Islington,4,,No
9370,9370 -  10 Signs - 19/04/2024 11:30am,10 Signs,19/04/2024 11:30,23/24,8680,Bromley Trust Academy,10,10,Education Setting,Alternative Education,Bromley,10,64,Yes (1 leader + PM)
9371,9371 -  10 Signs - 22/04/2024 9:00am,10 Signs,22/04/2024 09:00,23/24,8775,St Marylebone Bridge,9,9,Education Setting,SEND School,Westminster,8,52,No
9372,9372 -  Sharing Intimate Images - 22/04/2024 11:00am,Sharing Intimate Images,22/04/2024 11:00,23/24,8775,St Marylebone Bridge,9,9,Education Setting,SEND School,Westminster,1,52,No
9373,9373 -  Impact of pornography - 22/04/2024 1:30pm,Impact of pornography,22/04/2024 13:30,23/24,8775,St Marylebone Bridge,9,1,Education Setting,SEND School,Westminster,1,52,No
9374,9374 -  Delving Deeper - 23/04/2024 5:00pm,Delving Deeper,23/04/2024 17:00,23/24,8731,Mary's Youth Club,10,10,Community Organisation,Community Org,Islington,7,,No
9375,9375 -  10 Signs - 29/04/2024 9:00am,10 Signs,29/04/2024 09:00,23/24,8775,St Marylebone Bridge,12,12,Education Setting,SEND School,Westminster,1,52,No
9376,9376 -  10 Signs - 29/04/2024 11:00am,10 Signs,29/04/2024 11:00,23/24,8775,St Marylebone Bridge,15,15,Education Setting,SEND School,Westminster,12,52,No
9377,9377 -  10 Signs - 29/04/2024 1:30pm,10 Signs,29/04/2024 13:30,23/24,8775,St Marylebone Bridge,16,16,Education Setting,SEND School,Westminster,6,52,No
9378,9378 -  10 Signs - 30/04/2024 11:35am,10 Signs,30/04/2024 11:35,23/24,8702,Emanuel School,21,21,Education Setting,Independent School,Wandsworth,0,,No
9379,9379 -  10 Signs - 30/04/2024 11:35am,10 Signs,30/04/2024 11:35,23/24,8702,Emanuel School,21,21,Education Setting,Independent School,Wandsworth,0,,No
9380,9380 -  10 Signs - 30/04/2024 11:35am,10 Signs,30/04/2024 11:35,23/24,8702,Emanuel School,21,21,Education Setting,Independent School,Wandsworth,0,,No
9381,9381 -  10 Signs - 30/04/2024 11:35am,10 Signs,30/04/2024 11:35,23/24,8702,Emanuel School,20,20,Education Setting,Independent School,Wandsworth,0,,No
9382,9382 -  10 Signs - 30/04/2024 11:35am,10 Signs,30/04/2024 11:35,23/24,8702,Emanuel School,21,21,Education Setting,Independent School,Wandsworth,0,,No
9383,9383 -  10 Signs - 30/04/2024 11:35am,10 Signs,30/04/2024 11:35,23/24,8702,Emanuel School,21,21,Education Setting,Independent School,Wandsworth,0,,No
9384,9384 -  10 Signs - 30/04/2024 11:35am,10 Signs,30/04/2024 11:35,23/24,8702,Emanuel School,21,21,Education Setting,Independent School,Wandsworth,0,,No
9385,9385 -  10 Signs - 30/04/2024 11:35am,10 Signs,30/04/2024 11:35,23/24,8702,Emanuel School,20,20,Education Setting,Independent School,Wandsworth,55,,No
9386,9386 -  Delving Deeper - 30/04/2024 5:00pm,Delving Deeper,30/04/2024 17:00,23/24,8731,Mary's Youth Club,10,10,Community Organisation,Community Org,Islington,5,,No
9387,9387 -  10 Signs - 01/05/2024 2:00pm,10 Signs,01/05/2024 14:00,23/24,8712,Harris Academy Beckenham,12,12,Education Setting,Academy,Bromley,2,23,No
9388,9388 -  10 Signs - 01/05/2024 2:00pm,10 Signs,01/05/2024 14:00,23/24,8712,Harris Academy Beckenham,13,13,Education Setting,Academy,Bromley,3,23,No
9389,9389 -  10 Signs - 01/05/2024 2:00pm,10 Signs,01/05/2024 14:00,23/24,8712,Harris Academy Beckenham,12,12,Education Setting,Academy,Bromley,0,23,No
9390,9390 -  10 Signs - 01/05/2024 2:00pm,10 Signs,01/05/2024 14:00,23/24,8712,Harris Academy Beckenham,13,13,Education Setting,Academy,Bromley,0,23,No
9391,9391 -  10 Signs - 01/05/2024 2:00pm,10 Signs,01/05/2024 14:00,23/24,8712,Harris Academy Beckenham,12,12,Education Setting,Academy,Bromley,0,23,No
9392,9392 -  10 Signs - 01/05/2024 2:00pm,10 Signs,01/05/2024 14:00,23/24,8712,Harris Academy Beckenham,13,13,Education Setting,Academy,Bromley,0,23,No
9393,9393 -  10 Signs - 01/05/2024 2:00pm,10 Signs,01/05/2024 14:00,23/24,8712,Harris Academy Beckenham,12,12,Education Setting,Academy,Bromley,0,23,No
9394,9394 -  10 Signs - 01/05/2024 2:00pm,10 Signs,01/05/2024 14:00,23/24,8712,Harris Academy Beckenham,13,13,Education Setting,Academy,Bromley,61,23,No
9395,9395 -  10 Signs - 03/05/2024 9:00am,10 Signs,03/05/2024 09:00,23/24,8775,St Marylebone Bridge,13,13,Education Setting,SEND School,Westminster,1,52,No
9396,9396 -  10 Signs - 07/05/2024 2:00pm,10 Signs,07/05/2024 14:00,23/24,8715,Harris Westminster Academy,15,15,Education Setting,Academy,Westminster,0,,No
9397,9397 -  10 Signs - 07/05/2024 2:00pm,10 Signs,07/05/2024 14:00,23/24,8715,Harris Westminster Academy,15,15,Education Setting,Academy,Westminster,1,,No
9398,9398 -  10 Signs - 07/05/2024 2:00pm,10 Signs,07/05/2024 14:00,23/24,8715,Harris Westminster Academy,15,15,Education Setting,Academy,Westminster,0,,No
9399,9399 -  10 Signs - 07/05/2024 2:00pm,10 Signs,07/05/2024 14:00,23/24,8715,Harris Westminster Academy,15,15,Education Setting,Academy,Westminster,0,,No
9400,9400 -  10 Signs - 07/05/2024 2:00pm,10 Signs,07/05/2024 14:00,23/24,8715,Harris Westminster Academy,15,15,Education Setting,Academy,Westminster,0,,No
9401,9401 -  10 Signs - 07/05/2024 2:00pm,10 Signs,07/05/2024 14:00,23/24,8715,Harris Westminster Academy,15,15,Education Setting,Academy,Westminster,1,,No
9402,9402 -  10 Signs - 07/05/2024 2:00pm,10 Signs,07/05/2024 14:00,23/24,8715,Harris Westminster Academy,15,15,Education Setting,Academy,Westminster,0,,No
9403,9403 -  10 Signs - 07/05/2024 2:00pm,10 Signs,07/05/2024 14:00,23/24,8715,Harris Westminster Academy,15,15,Education Setting,Academy,Westminster,0,,No
9404,9404 -  10 Signs - 07/05/2024 2:00pm,10 Signs,07/05/2024 14:00,23/24,8715,Harris Westminster Academy,15,15,Education Setting,Academy,Westminster,0,,No
9405,9405 -  10 Signs - 07/05/2024 2:00pm,10 Signs,07/05/2024 14:00,23/24,8715,Harris Westminster Academy,15,15,Education Setting,Academy,Westminster,87,,No
9406,9406 -  Amended Module - 07/05/2024 5:00pm,Amended Module,07/05/2024 17:00,23/24,8731,Mary's Youth Club,10,10,Community Organisation,Community Org,Islington,4,,No
9407,9407 -  Sharing Intimate Images - 07/05/2024 12:00am,Sharing Intimate Images,07/05/2024 00:00,23/24,8686,Carshalton Football Club,15,15,Community Organisation,Sports,Sutton,1,,No
9408,9408 -  Sharing Intimate Images - 07/05/2024 12:00am,Sharing Intimate Images,07/05/2024 00:00,23/24,8686,Carshalton Football Club,15,15,Community Organisation,Sports,Sutton,0,,No
9409,9409 -  Sharing Intimate Images - 07/05/2024 12:00am,Sharing Intimate Images,07/05/2024 00:00,23/24,8686,Carshalton Football Club,15,15,Community Organisation,Sports,Sutton,0,,No
9410,9410 -  10 Signs - 08/05/2024 12:00am,10 Signs,08/05/2024 00:00,23/24,8726,Leaders in the Community,15,15,Community Organisation,Community Org,Tower Hamlets,6,,No
9411,9411 -  10 Signs - 09/05/2024 11:10am,10 Signs,09/05/2024 11:10,23/24,8773,St Margaret's School,16,16,Education Setting,Independent School,National,0,,No
9412,9412 -  10 Signs - 09/05/2024 11:10am,10 Signs,09/05/2024 11:10,23/24,8773,St Margaret's School,16,16,Education Setting,Independent School,National,1,,No
9413,9413 -  10 Signs - 09/05/2024 11:10am,10 Signs,09/05/2024 11:10,23/24,8773,St Margaret's School,16,16,Education Setting,Independent School,National,1,,No
9414,9414 -  10 Signs - 09/05/2024 11:10am,10 Signs,09/05/2024 11:10,23/24,8773,St Margaret's School,17,17,Education Setting,Independent School,National,10,,No
9415,9415 -  10 Signs - 14/05/2024 2:00pm,10 Signs,14/05/2024 14:00,23/24,8715,Harris Westminster Academy,15,15,Education Setting,Academy,Westminster,1,,No
9416,9416 -  10 Signs - 14/05/2024 2:00pm,10 Signs,14/05/2024 14:00,23/24,8715,Harris Westminster Academy,15,15,Education Setting,Academy,Westminster,0,,No
9417,9417 -  10 Signs - 14/05/2024 2:00pm,10 Signs,14/05/2024 14:00,23/24,8715,Harris Westminster Academy,15,15,Education Setting,Academy,Westminster,1,,No
9418,9418 -  10 Signs - 14/05/2024 2:00pm,10 Signs,14/05/2024 14:00,23/24,8715,Harris Westminster Academy,15,15,Education Setting,Academy,Westminster,0,,No
9419,9419 -  10 Signs - 14/05/2024 2:00pm,10 Signs,14/05/2024 14:00,23/24,8715,Harris Westminster Academy,15,15,Education Setting,Academy,Westminster,1,,No
9420,9420 -  10 Signs - 14/05/2024 2:00pm,10 Signs,14/05/2024 14:00,23/24,8715,Harris Westminster Academy,15,15,Education Setting,Academy,Westminster,1,,No
9421,9421 -  10 Signs - 14/05/2024 2:00pm,10 Signs,14/05/2024 14:00,23/24,8715,Harris Westminster Academy,15,15,Education Setting,Academy,Westminster,0,,No
9422,9422 -  10 Signs - 14/05/2024 2:00pm,10 Signs,14/05/2024 14:00,23/24,8715,Harris Westminster Academy,15,15,Education Setting,Academy,Westminster,0,,No
9423,9423 -  10 Signs - 14/05/2024 2:00pm,10 Signs,14/05/2024 14:00,23/24,8715,Harris Westminster Academy,15,15,Education Setting,Academy,Westminster,1,,No
9424,9424 -  10 Signs - 14/05/2024 2:00pm,10 Signs,14/05/2024 14:00,23/24,8715,Harris Westminster Academy,15,15,Education Setting,Academy,Westminster,76,,No
9425,9425 -  10 Signs - 16/05/2024 1:30pm,10 Signs,16/05/2024 13:30,23/24,8701,Eltham College,14,14,Education Setting,Independent School,Bromley,0,,No
9426,9426 -  10 Signs - 16/05/2024 1:30pm,10 Signs,16/05/2024 13:30,23/24,8701,Eltham College,14,14,Education Setting,Independent School,Bromley,0,,No
9427,9427 -  10 Signs - 16/05/2024 1:30pm,10 Signs,16/05/2024 13:30,23/24,8701,Eltham College,14,14,Education Setting,Independent School,Bromley,0,,No
9428,9428 -  10 Signs - 16/05/2024 1:30pm,10 Signs,16/05/2024 13:30,23/24,8701,Eltham College,14,14,Education Setting,Independent School,Bromley,0,,No
9429,9429 -  10 Signs - 16/05/2024 1:30pm,10 Signs,16/05/2024 13:30,23/24,8701,Eltham College,14,14,Education Setting,Independent School,Bromley,1,,No
9430,9430 -  10 Signs - 16/05/2024 1:30pm,10 Signs,16/05/2024 13:30,23/24,8701,Eltham College,14,14,Education Setting,Independent School,Bromley,0,,No
9431,9431 -  10 Signs - 16/05/2024 1:30pm,10 Signs,16/05/2024 13:30,23/24,8701,Eltham College,15,15,Education Setting,Independent School,Bromley,40,,No
9432,9432 -  10 Signs - 28/05/2024 2:00pm,10 Signs,28/05/2024 14:00,23/24,8706,Future M.O.L.D.S Communities,15,15,Community Organisation,Community Org,Barking and Dagenham,10,,No
9433,9433 -  Sharing Intimate Images - 29/05/2024 1:30pm,Sharing Intimate Images,29/05/2024 13:30,23/24,8723,Laburnum Boat Club,15,15,Community Organisation,Community Org,Hackney,6,,No
9434,9434 -  Sharing Intimate Images - 04/06/2024 12:00am,Sharing Intimate Images,04/06/2024 00:00,23/24,8686,Carshalton Football Club,15,15,Community Organisation,Sports,Sutton,4,,No
9435,9435 -  Sharing Intimate Images - 04/06/2024 12:00am,Sharing Intimate Images,04/06/2024 00:00,23/24,8686,Carshalton Football Club,15,15,Community Organisation,Sports,Sutton,4,,No
9436,9436 -  Delving Deeper - 06/06/2024 6:30pm,Delving Deeper,06/06/2024 18:30,23/24,8694,Devas Youth Club,15,15,Community Organisation,Community Org,Wandsworth,4,,No
9437,9437 -  10 Signs - 12/06/2024 8:45am,10 Signs,12/06/2024 08:45,23/24,8787,Thomas London Day School Clapham,9,9,Education Setting,Independent School,Wandsworth,0,,No
9438,9438 -  10 Signs - 12/06/2024 8:45am,10 Signs,12/06/2024 08:45,23/24,8787,Thomas London Day School Clapham,9,9,Education Setting,Independent School,Wandsworth,1,,No
9439,9439 -  10 Signs - 12/06/2024 8:45am,10 Signs,12/06/2024 08:45,23/24,8787,Thomas London Day School Clapham,9,9,Education Setting,Independent School,Wandsworth,0,,No
9440,9440 -  10 Signs - 12/06/2024 8:45am,10 Signs,12/06/2024 08:45,23/24,8787,Thomas London Day School Clapham,9,9,Education Setting,Independent School,Wandsworth,0,,No
9441,9441 -  10 Signs - 12/06/2024 8:45am,10 Signs,12/06/2024 08:45,23/24,8787,Thomas London Day School Clapham,9,9,Education Setting,Independent School,Wandsworth,0,,No
9442,9442 -  10 Signs - 12/06/2024 8:45am,10 Signs,12/06/2024 08:45,23/24,8787,Thomas London Day School Clapham,9,9,Education Setting,Independent School,Wandsworth,40,,No
9443,9443 -  10 Signs - 13/06/2024 1:30pm,10 Signs,13/06/2024 13:30,23/24,8705,Fulham FC Foundation,20,20,Community Organisation,Sports,,11,,No
9444,9444 -  Sharing Intimate Images - 13/06/2024 6:30pm,Sharing Intimate Images,13/06/2024 18:30,23/24,8694,Devas Youth Club,15,15,Community Organisation,Community Org,Wandsworth,7,,No
9445,9445 -  10 Signs - 20/06/2024 1:10pm,10 Signs,20/06/2024 13:10,23/24,8705,Fulham FC Foundation,20,20,Community Organisation,Sports,,14,,No
9446,9446 -  10 Signs - 25/06/2024 9:00am,10 Signs,25/06/2024 09:00,23/24,8729,London Design & Engineering UTC,12,12,Education Setting,Maintained School,Newham,0,41,No
9447,9447 -  10 Signs - 25/06/2024 9:00am,10 Signs,25/06/2024 09:00,23/24,8729,London Design & Engineering UTC,13,13,Education Setting,Maintained School,Newham,0,41,No
9448,9448 -  10 Signs - 25/06/2024 9:00am,10 Signs,25/06/2024 09:00,23/24,8729,London Design & Engineering UTC,12,12,Education Setting,Maintained School,Newham,0,41,No
9449,9449 -  10 Signs - 25/06/2024 9:00am,10 Signs,25/06/2024 09:00,23/24,8729,London Design & Engineering UTC,13,13,Education Setting,Maintained School,Newham,0,41,No
9450,9450 -  10 Signs - 25/06/2024 9:00am,10 Signs,25/06/2024 09:00,23/24,8729,London Design & Engineering UTC,12,12,Education Setting,Maintained School,Newham,0,41,No
9451,9451 -  10 Signs - 25/06/2024 9:00am,10 Signs,25/06/2024 09:00,23/24,8729,London Design & Engineering UTC,13,13,Education Setting,Maintained School,Newham,0,41,No
9452,9452 -  10 Signs - 25/06/2024 9:00am,10 Signs,25/06/2024 09:00,23/24,8729,London Design & Engineering UTC,12,12,Education Setting,Maintained School,Newham,1,41,No
9453,9453 -  10 Signs - 25/06/2024 9:00am,10 Signs,25/06/2024 09:00,23/24,8729,London Design & Engineering UTC,13,13,Education Setting,Maintained School,Newham,76,41,No
9454,9454 -  10 Signs - 25/06/2024 1:30pm,10 Signs,25/06/2024 13:30,23/24,8705,Fulham FC Foundation,20,20,Community Organisation,Sports,,17,,No
9455,9455 -  Delving Deeper - 01/07/2024 11:30am,Delving Deeper,01/07/2024 11:30,23/24,8680,Bromley Trust Academy,10,10,Education Setting,Alternative Education,Bromley,9,64,Yes (1 leader + PM)
9456,9456 -  Delving Deeper - 02/07/2024 9:00am,Delving Deeper,02/07/2024 09:00,23/24,8724,Langdon Park Community School,15,15,Education Setting,Maintained School,Tower Hamlets,0,61,No
9457,9457 -  Delving Deeper - 02/07/2024 9:00am,Delving Deeper,02/07/2024 09:00,23/24,8724,Langdon Park Community School,15,15,Education Setting,Maintained School,Tower Hamlets,0,61,No
9458,9458 -  Delving Deeper - 02/07/2024 9:00am,Delving Deeper,02/07/2024 09:00,23/24,8724,Langdon Park Community School,15,15,Education Setting,Maintained School,Tower Hamlets,0,61,No
9459,9459 -  Delving Deeper - 02/07/2024 9:00am,Delving Deeper,02/07/2024 09:00,23/24,8724,Langdon Park Community School,15,15,Education Setting,Maintained School,Tower Hamlets,52,61,No
9460,9460 -  Delving Deeper - 02/07/2024 11:10am,Delving Deeper,02/07/2024 11:10,23/24,8724,Langdon Park Community School,15,15,Education Setting,Maintained School,Tower Hamlets,0,61,No
9461,9461 -  Delving Deeper - 02/07/2024 11:10am,Delving Deeper,02/07/2024 11:10,23/24,8724,Langdon Park Community School,15,15,Education Setting,Maintained School,Tower Hamlets,40,61,No
9462,9462 -  Delving Deeper - 02/07/2024 11:10am,Delving Deeper,02/07/2024 11:10,23/24,8724,Langdon Park Community School,15,15,Education Setting,Maintained School,Tower Hamlets,0,61,No
9463,9463 -  Delving Deeper - 02/07/2024 11:10am,Delving Deeper,02/07/2024 11:10,23/24,8724,Langdon Park Community School,15,15,Education Setting,Maintained School,Tower Hamlets,0,61,No
9464,9464 -  Delving Deeper - 02/07/2024 1:40pm,Delving Deeper,02/07/2024 13:40,23/24,8724,Langdon Park Community School,15,15,Education Setting,Maintained School,Tower Hamlets,0,61,No
9465,9465 -  Delving Deeper - 02/07/2024 1:40pm,Delving Deeper,02/07/2024 13:40,23/24,8724,Langdon Park Community School,15,15,Education Setting,Maintained School,Tower Hamlets,28,61,No
9466,9466 -  Delving Deeper - 02/07/2024 1:40pm,Delving Deeper,02/07/2024 13:40,23/24,8724,Langdon Park Community School,15,15,Education Setting,Maintained School,Tower Hamlets,0,61,No
9467,9467 -  Delving Deeper - 02/07/2024 1:40pm,Delving Deeper,02/07/2024 13:40,23/24,8724,Langdon Park Community School,15,15,Education Setting,Maintained School,Tower Hamlets,0,61,No
9468,9468 -  10 Signs - 04/07/2024 8:40am,10 Signs,04/07/2024 08:40,23/24,8760,Reach Academy Feltham,15,15,Education Setting,Maintained School,Hounslow,0,41,No
9469,9469 -  10 Signs - 04/07/2024 8:40am,10 Signs,04/07/2024 08:40,23/24,8760,Reach Academy Feltham,15,15,Education Setting,Maintained School,Hounslow,1,41,No
9470,9470 -  10 Signs - 04/07/2024 8:40am,10 Signs,04/07/2024 08:40,23/24,8760,Reach Academy Feltham,15,15,Education Setting,Maintained School,Hounslow,0,41,No
9471,9471 -  10 Signs - 04/07/2024 8:40am,10 Signs,04/07/2024 08:40,23/24,8760,Reach Academy Feltham,15,15,Education Setting,Maintained School,Hounslow,44,41,No
9474,9474 -  Delving Deeper - 04/07/2024 10:50am,Delving Deeper,04/07/2024 10:50,23/24,8760,Reach Academy Feltham,15,15,Education Setting,Maintained School,Hounslow,0,41,No
9475,9475 -  Delving Deeper - 04/07/2024 10:50am,Delving Deeper,04/07/2024 10:50,23/24,8760,Reach Academy Feltham,15,15,Education Setting,Maintained School,Hounslow,1,41,No
9476,9476 -  Delving Deeper - 04/07/2024 10:50am,Delving Deeper,04/07/2024 10:50,23/24,8760,Reach Academy Feltham,15,15,Education Setting,Maintained School,Hounslow,0,41,No
9477,9477 -  Delving Deeper - 04/07/2024 10:50am,Delving Deeper,04/07/2024 10:50,23/24,8760,Reach Academy Feltham,15,15,Education Setting,Maintained School,Hounslow,40,41,No
9481,9481 -  Sharing Intimate Images - 04/07/2024 1:30pm,Sharing Intimate Images,04/07/2024 13:30,23/24,8760,Reach Academy Feltham,15,15,Education Setting,Maintained School,Hounslow,0,41,No
9482,9482 -  Sharing Intimate Images - 04/07/2024 1:30pm,Sharing Intimate Images,04/07/2024 13:30,23/24,8760,Reach Academy Feltham,15,15,Education Setting,Maintained School,Hounslow,0,41,No
9483,9483 -  Sharing Intimate Images - 04/07/2024 1:30pm,Sharing Intimate Images,04/07/2024 13:30,23/24,8760,Reach Academy Feltham,15,15,Education Setting,Maintained School,Hounslow,32,41,No
9484,9484 -  Sharing Intimate Images - 04/07/2024 1:30pm,Sharing Intimate Images,04/07/2024 13:30,23/24,8760,Reach Academy Feltham,15,15,Education Setting,Maintained School,Hounslow,0,41,No
9485,9485 -  10 Signs - 09/07/2024 9:10am,10 Signs,09/07/2024 09:10,23/24,8684,Cardinal Vaughn Memorial School,15,15,Education Setting,Maintained School,Kensington and Chelsea,0,18,
9486,9486 -  10 Signs - 09/07/2024 9:10am,10 Signs,09/07/2024 09:10,23/24,8684,Cardinal Vaughn Memorial School,15,15,Education Setting,Maintained School,Kensington and Chelsea,2,18,
9487,9487 -  10 Signs - 09/07/2024 9:10am,10 Signs,09/07/2024 09:10,23/24,8684,Cardinal Vaughn Memorial School,15,15,Education Setting,Maintained School,Kensington and Chelsea,0,18,
9488,9488 -  10 Signs - 09/07/2024 9:10am,10 Signs,09/07/2024 09:10,23/24,8684,Cardinal Vaughn Memorial School,15,15,Education Setting,Maintained School,Kensington and Chelsea,23,18,
9489,9489 -  10 Signs - 09/07/2024 11:30am,10 Signs,09/07/2024 11:30,23/24,8684,Cardinal Vaughn Memorial School,15,15,Education Setting,Maintained School,Kensington and Chelsea,0,18,
9490,9490 -  10 Signs - 09/07/2024 11:30am,10 Signs,09/07/2024 11:30,23/24,8684,Cardinal Vaughn Memorial School,15,15,Education Setting,Maintained School,Kensington and Chelsea,0,18,
9491,9491 -  10 Signs - 09/07/2024 11:30am,10 Signs,09/07/2024 11:30,23/24,8684,Cardinal Vaughn Memorial School,15,15,Education Setting,Maintained School,Kensington and Chelsea,0,18,
9492,9492 -  10 Signs - 09/07/2024 11:30am,10 Signs,09/07/2024 11:30,23/24,8684,Cardinal Vaughn Memorial School,15,15,Education Setting,Maintained School,Kensington and Chelsea,80,18,
9493,9493 -  10 Signs - 10/07/2024 9:10am,10 Signs,10/07/2024 09:10,23/24,8684,Cardinal Vaughn Memorial School,15,15,Education Setting,Maintained School,Kensington and Chelsea,0,18,
9494,9494 -  10 Signs - 10/07/2024 9:10am,10 Signs,10/07/2024 09:10,23/24,8684,Cardinal Vaughn Memorial School,15,15,Education Setting,Maintained School,Kensington and Chelsea,0,18,
9495,9495 -  10 Signs - 10/07/2024 9:10am,10 Signs,10/07/2024 09:10,23/24,8684,Cardinal Vaughn Memorial School,15,15,Education Setting,Maintained School,Kensington and Chelsea,0,18,
9496,9496 -  10 Signs - 10/07/2024 9:10am,10 Signs,10/07/2024 09:10,23/24,8684,Cardinal Vaughn Memorial School,15,15,Education Setting,Maintained School,Kensington and Chelsea,39,18,
9497,9497 -  10 Signs - 10/07/2024 11:30am,10 Signs,10/07/2024 11:30,23/24,8684,Cardinal Vaughn Memorial School,15,15,Education Setting,Maintained School,Kensington and Chelsea,0,18,
9498,9498 -  10 Signs - 10/07/2024 11:30am,10 Signs,10/07/2024 11:30,23/24,8684,Cardinal Vaughn Memorial School,15,15,Education Setting,Maintained School,Kensington and Chelsea,0,18,
9499,9499 -  10 Signs - 10/07/2024 11:30am,10 Signs,10/07/2024 11:30,23/24,8684,Cardinal Vaughn Memorial School,15,15,Education Setting,Maintained School,Kensington and Chelsea,0,18,
9500,9500 -  10 Signs - 10/07/2024 11:30am,10 Signs,10/07/2024 11:30,23/24,8684,Cardinal Vaughn Memorial School,15,15,Education Setting,Maintained School,Kensington and Chelsea,3,18,
9503,9503 -  Impact of pornography - 17/07/2024 9:05am,Impact of pornography,17/07/2024 09:05,23/24,8712,Harris Academy Beckenham,14,14,Education Setting,Academy,Bromley,0,23,No
9504,9504 -  Impact of pornography - 17/07/2024 9:05am,Impact of pornography,17/07/2024 09:05,23/24,8712,Harris Academy Beckenham,14,14,Education Setting,Academy,Bromley,0,23,No
9505,9505 -  Impact of pornography - 17/07/2024 9:05am,Impact of pornography,17/07/2024 09:05,23/24,8712,Harris Academy Beckenham,14,14,Education Setting,Academy,Bromley,0,23,No
9506,9506 -  Impact of pornography - 17/07/2024 9:05am,Impact of pornography,17/07/2024 09:05,23/24,8712,Harris Academy Beckenham,14,14,Education Setting,Academy,Bromley,1,23,No
9507,9507 -  Impact of pornography - 17/07/2024 9:05am,Impact of pornography,17/07/2024 09:05,23/24,8712,Harris Academy Beckenham,14,14,Education Setting,Academy,Bromley,0,23,No
9508,9508 -  Impact of pornography - 17/07/2024 9:05am,Impact of pornography,17/07/2024 09:05,23/24,8712,Harris Academy Beckenham,15,15,Education Setting,Academy,Bromley,1,23,No
9509,9509 -  Impact of pornography - 17/07/2024 9:05am,Impact of pornography,17/07/2024 09:05,23/24,8712,Harris Academy Beckenham,15,15,Education Setting,Academy,Bromley,52,23,No
9510,9510 -  Amended Module - 17/07/2024 1:30pm,Amended Module,17/07/2024 13:30,23/24,8791,Unfold,15,15,Community Organisation,Vulnerable Groups,Westminster,0,,Yes (2 leaders)
9511,9511 -  Amended Module - 18/07/2024 1:30pm,Amended Module,18/07/2024 13:30,23/24,8791,Unfold,15,15,Community Organisation,Vulnerable Groups,Westminster,0,,Yes (2 leaders)
9512,9512 -  10 Signs - 23/07/2024 5:30pm,10 Signs,23/07/2024 17:30,23/24,8719,Ignite,8,8,Community Organisation,Community Org,Harrow,0,,No
9513,9513 -  Impact of pornography - 30/07/2024 1:30pm,Impact of pornography,30/07/2024 13:30,23/24,8723,Laburnum Boat Club,15,15,Community Organisation,Community Org,Hackney,9,,No
9704,9704 -  Delving Deeper - 25/09/2024 9:00am,Delving Deeper,25/09/2024 09:00,24/25,8797,Woodmansterne School,15,15,Education Setting,Maintained School,Lambeth,8,24,No
9736,9736 -  Delving Deeper - 25/09/2024 9:00am,Delving Deeper,25/09/2024 09:00,24/25,8797,Woodmansterne School,15,15,Education Setting,Maintained School,Lambeth,10,24,No
10099,10099 -  Delving Deeper - 25/09/2024 9:00am,Delving Deeper,25/09/2024 09:00,24/25,8797,Woodmansterne School,15,15,Education Setting,Maintained School,Lambeth,14,24,No
10100,10100 -  Delving Deeper - 25/09/2024 9:00am,Delving Deeper,25/09/2024 09:00,24/25,8797,Woodmansterne School,15,15,Education Setting,Maintained School,Lambeth,11,24,No
10101,10101 -  Delving Deeper - 25/09/2024 9:00am,Delving Deeper,25/09/2024 09:00,24/25,8797,Woodmansterne School,15,15,Education Setting,Maintained School,Lambeth,1,24,No
10102,10102 -  Delving Deeper - 25/09/2024 9:00am,Delving Deeper,25/09/2024 09:00,24/25,8797,Woodmansterne School,15,15,Education Setting,Maintained School,Lambeth,21,24,No
10132,10132 -  Delving Deeper - 25/09/2024 11:20am,Delving Deeper,25/09/2024 11:20,24/25,8797,Woodmansterne School,15,15,Education Setting,Maintained School,Lambeth,10,24,No
10133,10133 -  Delving Deeper - 25/09/2024 11:20am,Delving Deeper,25/09/2024 11:20,24/25,8797,Woodmansterne School,15,15,Education Setting,Maintained School,Lambeth,11,24,No
10134,10134 -  Delving Deeper - 25/09/2024 11:20am,Delving Deeper,25/09/2024 11:20,24/25,8797,Woodmansterne School,15,15,Education Setting,Maintained School,Lambeth,14,24,No
10135,10135 -  Delving Deeper - 25/09/2024 11:20am,Delving Deeper,25/09/2024 11:20,24/25,8797,Woodmansterne School,15,15,Education Setting,Maintained School,Lambeth,12,24,No
10136,10136 -  Delving Deeper - 25/09/2024 11:20am,Delving Deeper,25/09/2024 11:20,24/25,8797,Woodmansterne School,15,15,Education Setting,Maintained School,Lambeth,21,24,No
10137,10137 -  Delving Deeper - 25/09/2024 11:20am,Delving Deeper,25/09/2024 11:20,24/25,8797,Woodmansterne School,15,15,Education Setting,Maintained School,Lambeth,0,24,No
10694,10694 -  Delving Deeper - 09/10/2024 8:30am,Delving Deeper,09/10/2024 08:30,24/25,8716,Haverstock School,15,20,Education Setting,Maintained School,Camden,14,73,No
10726,10726 -  Delving Deeper - 09/10/2024 8:30am,Delving Deeper,09/10/2024 08:30,24/25,8716,Haverstock School,10,11,Education Setting,Maintained School,Camden,3,73,No
10727,10727 -  Delving Deeper - 09/10/2024 8:30am,Delving Deeper,09/10/2024 08:30,24/25,8716,Haverstock School,9,9,Education Setting,Maintained School,Camden,8,73,No
10728,10728 -  Delving Deeper - 09/10/2024 8:30am,Delving Deeper,09/10/2024 08:30,24/25,8716,Haverstock School,10,11,Education Setting,Maintained School,Camden,1,73,No
10729,10729 -  Delving Deeper - 09/10/2024 8:30am,Delving Deeper,09/10/2024 08:30,24/25,8716,Haverstock School,9,13,Education Setting,Maintained School,Camden,13,73,No
10730,10730 -  Delving Deeper - 09/10/2024 8:30am,Delving Deeper,09/10/2024 08:30,24/25,8716,Haverstock School,10,10,Education Setting,Maintained School,Camden,11,73,No
10731,10731 -  Delving Deeper - 09/10/2024 8:30am,Delving Deeper,09/10/2024 08:30,24/25,8716,Haverstock School,9,12,Education Setting,Maintained School,Camden,11,73,No
10924,10924 -  Amended Module - 03/10/2024 11:25am,Amended Module,03/10/2024 11:25,24/25,10759,London East Alternative Provision (LEAP),7,24,Education Setting,Alternative Education,Tower Hamlets,5,52,Yes (2 leaders)
10925,10925 -  Amended Module - 10/10/2024 11:25am,Amended Module,10/10/2024 11:25,24/25,10759,London East Alternative Provision (LEAP),7,7,Education Setting,Alternative Education,Tower Hamlets,0,52,Yes (2 leaders)
10926,10926 -  Amended Module - 24/10/2024 11:25am,Amended Module,24/10/2024 11:25,24/25,10759,London East Alternative Provision (LEAP),7,7,Education Setting,Alternative Education,Tower Hamlets,2,52,Yes (2 leaders)
10927,10927 -  Amended Module - 07/11/2024 11:25am,Amended Module,07/11/2024 11:25,24/25,10759,London East Alternative Provision (LEAP),7,3,Education Setting,Alternative Education,Tower Hamlets,1,52,Yes (2 leaders)
10928,10928 -  Amended Module - 14/11/2024 11:25am,Amended Module,14/11/2024 11:25,24/25,10759,London East Alternative Provision (LEAP),7,0,Education Setting,Alternative Education,Tower Hamlets,0,52,Yes (2 leaders)
10929,10929 -  Amended Module - 28/11/2024 12:25pm,Amended Module,28/11/2024 12:25,24/25,10759,London East Alternative Provision (LEAP),7,6,Education Setting,Alternative Education,Tower Hamlets,7,52,Yes (2 leaders)
11190,11190 -  10 Signs for Uni Students - 11/10/2024 9:30am,10 Signs for Uni Students,11/10/2024 09:30,24/25,10733,St Hugh's College - University of Oxford,15,15,Education Setting,University,National,0,,No
11191,11191 -  10 Signs for Uni Students - 11/10/2024 9:30am,10 Signs for Uni Students,11/10/2024 09:30,24/25,10733,St Hugh's College - University of Oxford,15,15,Education Setting,University,National,10,,No
11192,11192 -  10 Signs for Uni Students - 11/10/2024 9:30am,10 Signs for Uni Students,11/10/2024 09:30,24/25,10733,St Hugh's College - University of Oxford,15,12,Education Setting,University,National,14,,No
11193,11193 -  10 Signs for Uni Students - 11/10/2024 9:30am,10 Signs for Uni Students,11/10/2024 09:30,24/25,10733,St Hugh's College - University of Oxford,15,17,Education Setting,University,National,7,,No
11194,11194 -  10 Signs for Uni Students - 11/10/2024 1:00pm,10 Signs for Uni Students,11/10/2024 13:00,24/25,10733,St Hugh's College - University of Oxford,15,15,Education Setting,University,National,5,,No
11195,11195 -  10 Signs for Uni Students - 11/10/2024 1:00pm,10 Signs for Uni Students,11/10/2024 13:00,24/25,10733,St Hugh's College - University of Oxford,15,15,Education Setting,University,National,3,,No
11196,11196 -  10 Signs for Uni Students - 11/10/2024 1:00pm,10 Signs for Uni Students,11/10/2024 13:00,24/25,10733,St Hugh's College - University of Oxford,15,12,Education Setting,University,National,5,,No
11197,11197 -  10 Signs for Uni Students - 11/10/2024 1:00pm,10 Signs for Uni Students,11/10/2024 13:00,24/25,10733,St Hugh's College - University of Oxford,15,13,Education Setting,University,National,6,,No
11604,11604 -  10 Signs - 15/02/2024 1:30pm,10 Signs,15/02/2024 13:30,23/24,8723,Laburnum Boat Club,15,15,Community Organisation,Community Org,Hackney,5,,No
11950,11950 -  10 Signs - 17/10/2024 5:00pm,10 Signs,17/10/2024 17:00,24/25,8725,Latin American Youth Forum,15,1,Community Organisation,Cultural Organisation,Lambeth,9,,Yes (2 leaders)
11951,11951 -  10 Signs - 23/10/2024 10:00am,10 Signs,23/10/2024 10:00,24/25,8781,The Big House,15,18,Community Organisation,Vulnerable Groups,Islington,10,,Yes (2 leaders)
11952,11952 -  Delving Deeper - 23/10/2024 12:00pm,Delving Deeper,23/10/2024 12:00,24/25,8781,The Big House,15,19,Community Organisation,Vulnerable Groups,Islington,10,,Yes (2 leaders)
12046,12046 -  Sharing Intimate Images - 25/10/2024 3:00pm,Sharing Intimate Images,25/10/2024 15:00,24/25,8781,The Big House,15,18,Community Organisation,Vulnerable Groups,Islington,9,,Yes (2 leaders)
12178,12178 -  10 Signs - 27/03/2024 1:24pm,10 Signs,27/03/2024 13:24,23/24,8672,Ark Globe Academy,15,15,Education Setting,Maintained School,Southwark,0,62,No
12179,12179 -  10 Signs - 27/04/2024 1:25pm,10 Signs,27/04/2024 13:25,23/24,8672,Ark Globe Academy,15,15,Education Setting,Maintained School,Southwark,0,62,No
12180,12180 -  10 Signs - 27/03/2024 1:25pm,10 Signs,27/03/2024 13:25,23/24,8672,Ark Globe Academy,15,15,Education Setting,Maintained School,Southwark,1,62,No
12181,12181 -  10 Signs - 27/03/2024 1:25pm,10 Signs,27/03/2024 13:25,23/24,8672,Ark Globe Academy,15,15,Education Setting,Maintained School,Southwark,0,62,No
12182,12182 -  10 Signs - 27/03/2024 1:25pm,10 Signs,27/03/2024 13:25,23/24,8672,Ark Globe Academy,15,15,Education Setting,Maintained School,Southwark,0,62,No
12183,12183 -  10 Signs - 27/03/2024 1:25pm,10 Signs,27/03/2024 13:25,23/24,8672,Ark Globe Academy,15,15,Education Setting,Maintained School,Southwark,1,62,No
12184,12184 -  10 Signs - 27/03/2024 1:25pm,10 Signs,27/03/2024 13:25,23/24,8672,Ark Globe Academy,15,15,Education Setting,Maintained School,Southwark,0,62,No
12185,12185 -  10 Signs - 27/03/2024 1:25pm,10 Signs,27/03/2024 13:25,23/24,8672,Ark Globe Academy,15,15,Education Setting,Maintained School,Southwark,0,62,No
12186,12186 -  10 Signs - 27/03/2024 1:25pm,10 Signs,27/03/2024 13:25,23/24,8672,Ark Globe Academy,15,15,Education Setting,Maintained School,Southwark,1,62,No
12187,12187 -  10 Signs - 27/03/2024 1:25pm,10 Signs,27/03/2024 13:25,23/24,8672,Ark Globe Academy,15,15,Education Setting,Maintained School,Southwark,0,62,No
12188,12188 -  10 Signs - 27/03/2024 1:25pm,10 Signs,27/03/2024 13:25,23/24,8672,Ark Globe Academy,15,15,Education Setting,Maintained School,Southwark,0,62,No
12189,12189 -  10 Signs - 27/03/2024 1:25pm,10 Signs,27/03/2024 13:25,23/24,8672,Ark Globe Academy,15,15,Education Setting,Maintained School,Southwark,2,62,No
12190,12190 -  Delving Deeper - 24/10/2024 5:00pm,Delving Deeper,24/10/2024 17:00,24/25,8725,Latin American Youth Forum,15,18,Community Organisation,Cultural Organisation,Lambeth,11,,Yes (2 leaders)
24690,24690 -  10 Signs - 13/12/2024 1:25pm,10 Signs,13/12/2024 13:25,24/25,8672,Ark Globe Academy,15,28,Education Setting,Maintained School,Southwark,2,62,
24691,24691 -  10 Signs - 27/11/2024 1:00pm,10 Signs,27/11/2024 13:00,24/25,8673,Arsenal BTec,14,26,Community Organisation,Sports,Islington,10,,
24692,24692 -  10 Signs - 04/12/2024 1:00pm,10 Signs,04/12/2024 13:00,24/25,8673,Arsenal BTec,14,22,Community Organisation,Sports,Islington,12,,
24693,24693 -  10 Signs - 11/11/2024 9:30am,10 Signs,11/11/2024 09:30,24/25,8686,Carshalton Football Club,15,12,Community Organisation,Sports,Sutton,2,,
24694,24694 -  Sharing Intimate Images - 20/11/2024 9:00am,Sharing Intimate Images,20/11/2024 09:00,24/25,8710,Haberdashers' Hatcham College,15,12,Education Setting,Maintained School,Lewisham,4,29,
24695,24695 -  Sharing Intimate Images - 10/12/2024 8:50am,Sharing Intimate Images,10/12/2024 08:50,24/25,8729,London Design & Engineering UTC,13,9,Education Setting,Maintained School,Newham,10,41,
24696,24696 -  10 Signs - 29/11/2024 10:00am,10 Signs,29/11/2024 10:00,24/25,8753,Power2Prevail,10,3,Community Organisation,Vulnerable Groups,Lewisham,4,,Yes (1 leader + PM)
24700,24700 -  10 Signs - 12/11/2024 8:30am,10 Signs,12/11/2024 08:30,24/25,29899,Wimbledon College,12,10,Education Setting,Faith Based School - Christian,Merton,23,17,
24701,24701 -  10 Signs - 13/12/2024 1:25pm,10 Signs,13/12/2024 13:25,24/25,8672,Ark Globe Academy,15,33,Education Setting,Maintained School,Southwark,10,62,
24702,24702 -  10 Signs - 27/11/2024 1:00pm,10 Signs,27/11/2024 13:00,24/25,8673,Arsenal BTec,14,12,Community Organisation,Sports,Islington,11,,
24703,24703 -  10 Signs - 04/12/2024 1:00pm,10 Signs,04/12/2024 13:00,24/25,8673,Arsenal BTec,14,12,Community Organisation,Sports,Islington,11,,
24704,24704 -  10 Signs - 11/11/2024 11:30am,10 Signs,11/11/2024 11:30,24/25,8686,Carshalton Football Club,15,18,Community Organisation,Sports,Sutton,8,,
24705,24705 -  Sharing Intimate Images - 20/11/2024 9:00am,Sharing Intimate Images,20/11/2024 09:00,24/25,8710,Haberdashers' Hatcham College,15,15,Education Setting,Maintained School,Lewisham,13,29,
24706,24706 -  Sharing Intimate Images - 10/12/2024 8:50am,Sharing Intimate Images,10/12/2024 08:50,24/25,8729,London Design & Engineering UTC,13,9,Education Setting,Maintained School,Newham,18,41,
24708,24708 -  10 Signs - 12/11/2024 8:30am,10 Signs,12/11/2024 08:30,24/25,29899,Wimbledon College,12,12,Education Setting,Faith Based School - Christian,Merton,14,17,
24709,24709 -  10 Signs - 13/12/2024 1:25pm,10 Signs,13/12/2024 13:25,24/25,8672,Ark Globe Academy,15,13,Education Setting,Maintained School,Southwark,7,62,
24710,24710 -  Sharing Intimate Images - 20/11/2024 9:00am,Sharing Intimate Images,20/11/2024 09:00,24/25,8710,Haberdashers' Hatcham College,15,12,Education Setting,Maintained School,Lewisham,16,29,
24711,24711 -  Sharing Intimate Images - 10/12/2024 8:50am,Sharing Intimate Images,10/12/2024 08:50,24/25,8729,London Design & Engineering UTC,13,9,Education Setting,Maintained School,Newham,18,41,
24713,24713 -  10 Signs - 12/11/2024 8:30am,10 Signs,12/11/2024 08:30,24/25,29899,Wimbledon College,12,10,Education Setting,Faith Based School - Christian,Merton,11,17,
24714,24714 -  10 Signs - 13/12/2024 1:25pm,10 Signs,13/12/2024 13:25,24/25,8672,Ark Globe Academy,15,7,Education Setting,Maintained School,Southwark,8,62,
24715,24715 -  Sharing Intimate Images - 20/11/2024 9:00am,Sharing Intimate Images,20/11/2024 09:00,24/25,8710,Haberdashers' Hatcham College,15,23,Education Setting,Maintained School,Lewisham,1,29,
24716,24716 -  Sharing Intimate Images - 10/12/2024 8:50am,Sharing Intimate Images,10/12/2024 08:50,24/25,8729,London Design & Engineering UTC,13,10,Education Setting,Maintained School,Newham,36,41,
24718,24718 -  10 Signs - 12/11/2024 8:30am,10 Signs,12/11/2024 08:30,24/25,29899,Wimbledon College,12,11,Education Setting,Faith Based School - Christian,Merton,11,17,
24719,24719 -  10 Signs - 13/12/2024 1:25pm,10 Signs,13/12/2024 13:25,24/25,8672,Ark Globe Academy,15,12,Education Setting,Maintained School,Southwark,11,62,
24720,24720 -  Sharing Intimate Images - 20/11/2024 9:00am,Sharing Intimate Images,20/11/2024 09:00,24/25,8710,Haberdashers' Hatcham College,15,13,Education Setting,Maintained School,Lewisham,16,29,
24721,24721 -  Sharing Intimate Images - 10/12/2024 8:50am,Sharing Intimate Images,10/12/2024 08:50,24/25,8729,London Design & Engineering UTC,12,15,Education Setting,Maintained School,Newham,12,41,
24723,24723 -  10 Signs - 12/11/2024 8:30am,10 Signs,12/11/2024 08:30,24/25,29899,Wimbledon College,12,0,Education Setting,Faith Based School - Christian,Merton,12,17,
24724,24724 -  10 Signs - 13/12/2024 1:25pm,10 Signs,13/12/2024 13:25,24/25,8672,Ark Globe Academy,15,0,Education Setting,Maintained School,Southwark,1,62,
24725,24725 -  Sharing Intimate Images - 20/11/2024 9:00am,Sharing Intimate Images,20/11/2024 09:00,24/25,8710,Haberdashers' Hatcham College,15,12,Education Setting,Maintained School,Lewisham,8,29,
24726,24726 -  Sharing Intimate Images - 10/12/2024 8:50am,Sharing Intimate Images,10/12/2024 08:50,24/25,8729,London Design & Engineering UTC,12,21,Education Setting,Maintained School,Newham,10,41,
24728,24728 -  10 Signs - 12/11/2024 8:30am,10 Signs,12/11/2024 08:30,24/25,29899,Wimbledon College,12,12,Education Setting,Faith Based School - Christian,Merton,14,17,
24729,24729 -  10 Signs - 13/12/2024 1:25pm,10 Signs,13/12/2024 13:25,24/25,8672,Ark Globe Academy,15,18,Education Setting,Maintained School,Southwark,1,62,
24730,24730 -  Sharing Intimate Images - 20/11/2024 11:00am,Sharing Intimate Images,20/11/2024 11:00,24/25,8710,Haberdashers' Hatcham College,15,12,Education Setting,Maintained School,Lewisham,11,29,
24731,24731 -  Sharing Intimate Images - 10/12/2024 8:50am,Sharing Intimate Images,10/12/2024 08:50,24/25,8729,London Design & Engineering UTC,12,13,Education Setting,Maintained School,Newham,8,41,
24733,24733 -  10 Signs - 12/11/2024 8:30am,10 Signs,12/11/2024 08:30,24/25,29899,Wimbledon College,12,12,Education Setting,Faith Based School - Christian,Merton,14,17,
24734,24734 -  10 Signs - 13/12/2024 1:25pm,10 Signs,13/12/2024 13:25,24/25,8672,Ark Globe Academy,15,0,Education Setting,Maintained School,Southwark,0,62,
24735,24735 -  Sharing Intimate Images - 20/11/2024 11:00am,Sharing Intimate Images,20/11/2024 11:00,24/25,8710,Haberdashers' Hatcham College,15,14,Education Setting,Maintained School,Lewisham,1,29,
24736,24736 -  Sharing Intimate Images - 10/12/2024 8:50am,Sharing Intimate Images,10/12/2024 08:50,24/25,8729,London Design & Engineering UTC,12,21,Education Setting,Maintained School,Newham,4,41,
24738,24738 -  10 Signs - 12/11/2024 8:30am,10 Signs,12/11/2024 08:30,24/25,29899,Wimbledon College,13,12,Education Setting,Faith Based School - Christian,Merton,13,17,
24739,24739 -  10 Signs - 13/12/2024 1:25pm,10 Signs,13/12/2024 13:25,24/25,8672,Ark Globe Academy,15,20,Education Setting,Maintained School,Southwark,8,62,
24740,24740 -  Sharing Intimate Images - 20/11/2024 11:00am,Sharing Intimate Images,20/11/2024 11:00,24/25,8710,Haberdashers' Hatcham College,15,12,Education Setting,Maintained School,Lewisham,7,29,
24741,24741 -  10 Signs - 14/01/2025 1:10pm,10 Signs,14/01/2025 13:10,24/25,8729,London Design & Engineering UTC,13,12,Education Setting,Maintained School,Newham,11,41,
24743,24743 -  10 Signs - 12/11/2024 8:30am,10 Signs,12/11/2024 08:30,24/25,29899,Wimbledon College,13,14,Education Setting,Faith Based School - Christian,Merton,10,17,
24744,24744 -  10 Signs - 13/12/2024 1:25pm,10 Signs,13/12/2024 13:25,24/25,8672,Ark Globe Academy,15,12,Education Setting,Maintained School,Southwark,15,62,
24745,24745 -  Sharing Intimate Images - 20/11/2024 11:00am,Sharing Intimate Images,20/11/2024 11:00,24/25,8710,Haberdashers' Hatcham College,15,22,Education Setting,Maintained School,Lewisham,5,29,
24746,24746 -  10 Signs - 14/01/2025 1:10pm,10 Signs,14/01/2025 13:10,24/25,8729,London Design & Engineering UTC,13,18,Education Setting,Maintained School,Newham,6,41,
24748,24748 -  10 Signs - 12/11/2024 8:30am,10 Signs,12/11/2024 08:30,24/25,29899,Wimbledon College,12,13,Education Setting,Faith Based School - Christian,Merton,8,17,
24749,24749 -  10 Signs - 13/12/2024 1:25pm,10 Signs,13/12/2024 13:25,24/25,8672,Ark Globe Academy,15,9,Education Setting,Maintained School,Southwark,10,62,
24750,24750 -  Sharing Intimate Images - 20/11/2024 11:00am,Sharing Intimate Images,20/11/2024 11:00,24/25,8710,Haberdashers' Hatcham College,15,0,Education Setting,Maintained School,Lewisham,0,29,
24751,24751 -  10 Signs - 14/01/2025 1:10pm,10 Signs,14/01/2025 13:10,24/25,8729,London Design & Engineering UTC,13,12,Education Setting,Maintained School,Newham,11,41,
24753,24753 -  10 Signs - 12/11/2024 8:30am,10 Signs,12/11/2024 08:30,24/25,29899,Wimbledon College,13,15,Education Setting,Faith Based School - Christian,Merton,13,17,
24754,24754 -  10 Signs - 13/12/2024 1:25pm,10 Signs,13/12/2024 13:25,24/25,8672,Ark Globe Academy,15,14,Education Setting,Maintained School,Southwark,20,62,
24755,24755 -  Sharing Intimate Images - 20/11/2024 11:00am,Sharing Intimate Images,20/11/2024 11:00,24/25,8710,Haberdashers' Hatcham College,15,12,Education Setting,Maintained School,Lewisham,8,29,
24756,24756 -  10 Signs - 14/01/2025 1:10pm,10 Signs,14/01/2025 13:10,24/25,8729,London Design & Engineering UTC,13,15,Education Setting,Maintained School,Newham,6,41,
24758,24758 -  10 Signs - 12/11/2024 8:30am,10 Signs,12/11/2024 08:30,24/25,29899,Wimbledon College,13,12,Education Setting,Faith Based School - Christian,Merton,13,17,
24759,24759 -  Sharing Intimate Images - 13/12/2024 8:50am,Sharing Intimate Images,13/12/2024 08:50,24/25,8672,Ark Globe Academy,15,0,Education Setting,Maintained School,Southwark,7,62,
24760,24760 -  Sharing Intimate Images - 20/11/2024 1:30pm,Sharing Intimate Images,20/11/2024 13:30,24/25,8710,Haberdashers' Hatcham College,15,12,Education Setting,Maintained School,Lewisham,7,29,
24761,24761 -  10 Signs - 14/01/2025 1:10pm,10 Signs,14/01/2025 13:10,24/25,8729,London Design & Engineering UTC,12,12,Education Setting,Maintained School,Newham,10,41,
24763,24763 -  10 Signs - 12/11/2024 8:30am,10 Signs,12/11/2024 08:30,24/25,29899,Wimbledon College,13,10,Education Setting,Faith Based School - Christian,Merton,11,17,
24764,24764 -  Sharing Intimate Images - 13/12/2024 8:50am,Sharing Intimate Images,13/12/2024 08:50,24/25,8672,Ark Globe Academy,15,23,Education Setting,Maintained School,Southwark,1,62,
24765,24765 -  Sharing Intimate Images - 20/11/2024 1:30pm,Sharing Intimate Images,20/11/2024 13:30,24/25,8710,Haberdashers' Hatcham College,15,9,Education Setting,Maintained School,Lewisham,8,29,
24766,24766 -  10 Signs - 14/01/2025 1:10pm,10 Signs,14/01/2025 13:10,24/25,8729,London Design & Engineering UTC,12,24,Education Setting,Maintained School,Newham,11,41,
24768,24768 -  10 Signs - 12/11/2024 8:30am,10 Signs,12/11/2024 08:30,24/25,29899,Wimbledon College,13,11,Education Setting,Faith Based School - Christian,Merton,10,17,
24769,24769 -  Sharing Intimate Images - 13/12/2024 8:50am,Sharing Intimate Images,13/12/2024 08:50,24/25,8672,Ark Globe Academy,15,13,Education Setting,Maintained School,Southwark,13,62,
24770,24770 -  Sharing Intimate Images - 20/11/2024 1:30pm,Sharing Intimate Images,20/11/2024 13:30,24/25,8710,Haberdashers' Hatcham College,15,1,Education Setting,Maintained School,Lewisham,5,29,
24771,24771 -  10 Signs - 14/01/2025 1:10pm,10 Signs,14/01/2025 13:10,24/25,8729,London Design & Engineering UTC,12,22,Education Setting,Maintained School,Newham,1,41,
24773,24773 -  10 Signs - 12/11/2024 8:30am,10 Signs,12/11/2024 08:30,24/25,29899,Wimbledon College,13,14,Education Setting,Faith Based School - Christian,Merton,13,17,
24774,24774 -  Sharing Intimate Images - 13/12/2024 8:50am,Sharing Intimate Images,13/12/2024 08:50,24/25,8672,Ark Globe Academy,15,9,Education Setting,Maintained School,Southwark,10,62,
24775,24775 -  Sharing Intimate Images - 20/11/2024 1:30pm,Sharing Intimate Images,20/11/2024 13:30,24/25,8710,Haberdashers' Hatcham College,15,0,Education Setting,Maintained School,Lewisham,4,29,
24776,24776 -  10 Signs - 14/01/2025 1:10pm,10 Signs,14/01/2025 13:10,24/25,8729,London Design & Engineering UTC,12,25,Education Setting,Maintained School,Newham,11,41,
24778,24778 -  Sharing Intimate Images - 13/12/2024 8:50am,Sharing Intimate Images,13/12/2024 08:50,24/25,8672,Ark Globe Academy,15,15,Education Setting,Maintained School,Southwark,1,62,
24779,24779 -  10 Signs - 30/01/2025 9:00am,10 Signs,30/01/2025 09:00,24/25,8710,Haberdashers' Hatcham College,15,10,Education Setting,Maintained School,Lewisham,18,29,
24781,24781 -  Sharing Intimate Images - 13/12/2024 8:50am,Sharing Intimate Images,13/12/2024 08:50,24/25,8672,Ark Globe Academy,15,0,Education Setting,Maintained School,Southwark,13,62,
24782,24782 -  10 Signs - 30/01/2025 9:00am,10 Signs,30/01/2025 09:00,24/25,8710,Haberdashers' Hatcham College,15,13,Education Setting,Maintained School,Lewisham,10,29,
24784,24784 -  Sharing Intimate Images - 13/12/2024 8:50am,Sharing Intimate Images,13/12/2024 08:50,24/25,8672,Ark Globe Academy,15,23,Education Setting,Maintained School,Southwark,1,62,
24785,24785 -  10 Signs - 30/01/2025 9:00am,10 Signs,30/01/2025 09:00,24/25,8710,Haberdashers' Hatcham College,15,9,Education Setting,Maintained School,Lewisham,8,29,
24787,24787 -  Sharing Intimate Images - 13/12/2024 8:50am,Sharing Intimate Images,13/12/2024 08:50,24/25,8672,Ark Globe Academy,15,13,Education Setting,Maintained School,Southwark,3,62,
24788,24788 -  10 Signs - 30/01/2025 9:00am,10 Signs,30/01/2025 09:00,24/25,8710,Haberdashers' Hatcham College,15,26,Education Setting,Maintained School,Lewisham,10,29,
24790,24790 -  Sharing Intimate Images - 13/12/2024 8:50am,Sharing Intimate Images,13/12/2024 08:50,24/25,8672,Ark Globe Academy,15,20,Education Setting,Maintained School,Southwark,3,62,
24791,24791 -  10 Signs - 30/01/2025 9:00am,10 Signs,30/01/2025 09:00,24/25,8710,Haberdashers' Hatcham College,15,13,Education Setting,Maintained School,Lewisham,9,29,
24793,24793 -  Sharing Intimate Images - 13/12/2024 8:50am,Sharing Intimate Images,13/12/2024 08:50,24/25,8672,Ark Globe Academy,15,12,Education Setting,Maintained School,Southwark,7,62,
24794,24794 -  10 Signs - 30/01/2025 9:00am,10 Signs,30/01/2025 09:00,24/25,8710,Haberdashers' Hatcham College,15,12,Education Setting,Maintained School,Lewisham,17,29,
24796,24796 -  Sharing Intimate Images - 13/12/2024 8:50am,Sharing Intimate Images,13/12/2024 08:50,24/25,8672,Ark Globe Academy,15,12,Education Setting,Maintained School,Southwark,13,62,
24797,24797 -  10 Signs - 30/01/2025 9:00am,10 Signs,30/01/2025 09:00,24/25,8710,Haberdashers' Hatcham College,15,15,Education Setting,Maintained School,Lewisham,1,29,
24799,24799 -  Sharing Intimate Images - 13/12/2024 8:50am,Sharing Intimate Images,13/12/2024 08:50,24/25,8672,Ark Globe Academy,15,11,Education Setting,Maintained School,Southwark,12,62,
24800,24800 -  10 Signs - 30/01/2025 9:00am,10 Signs,30/01/2025 09:00,24/25,8710,Haberdashers' Hatcham College,15,24,Education Setting,Maintained School,Lewisham,15,29,
24802,24802 -  Impact of pornography - 13/12/2024 11:00am,Impact of pornography,13/12/2024 11:00,24/25,8672,Ark Globe Academy,15,0,Education Setting,Maintained School,Southwark,4,62,
24803,24803 -  10 Signs - 30/01/2025 1:30pm,10 Signs,30/01/2025 13:30,24/25,8710,Haberdashers' Hatcham College,15,12,Education Setting,Maintained School,Lewisham,20,29,
24804,24804 -  Impact of pornography - 13/12/2024 11:00am,Impact of pornography,13/12/2024 11:00,24/25,8672,Ark Globe Academy,15,33,Education Setting,Maintained School,Southwark,14,62,
24805,24805 -  10 Signs - 30/01/2025 1:30pm,10 Signs,30/01/2025 13:30,24/25,8710,Haberdashers' Hatcham College,15,11,Education Setting,Maintained School,Lewisham,6,29,
24806,24806 -  Impact of pornography - 13/12/2024 11:00am,Impact of pornography,13/12/2024 11:00,24/25,8672,Ark Globe Academy,15,16,Education Setting,Maintained School,Southwark,6,62,
24807,24807 -  10 Signs - 30/01/2025 1:30pm,10 Signs,30/01/2025 13:30,24/25,8710,Haberdashers' Hatcham College,15,14,Education Setting,Maintained School,Lewisham,7,29,
24808,24808 -  Impact of pornography - 13/12/2024 11:00am,Impact of pornography,13/12/2024 11:00,24/25,8672,Ark Globe Academy,15,10,Education Setting,Maintained School,Southwark,11,62,
24809,24809 -  10 Signs - 30/01/2025 1:30pm,10 Signs,30/01/2025 13:30,24/25,8710,Haberdashers' Hatcham College,15,15,Education Setting,Maintained School,Lewisham,7,29,
24810,24810 -  Impact of pornography - 13/12/2024 11:00am,Impact of pornography,13/12/2024 11:00,24/25,8672,Ark Globe Academy,15,17,Education Setting,Maintained School,Southwark,10,62,
24811,24811 -  10 Signs - 30/01/2025 1:30pm,10 Signs,30/01/2025 13:30,24/25,8710,Haberdashers' Hatcham College,15,12,Education Setting,Maintained School,Lewisham,8,29,
24812,24812 -  Impact of pornography - 13/12/2024 11:00am,Impact of pornography,13/12/2024 11:00,24/25,8672,Ark Globe Academy,15,0,Education Setting,Maintained School,Southwark,13,62,
24813,24813 -  10 Signs - 30/01/2025 1:30pm,10 Signs,30/01/2025 13:30,24/25,8710,Haberdashers' Hatcham College,15,13,Education Setting,Maintained School,Lewisham,10,29,
24814,24814 -  Impact of pornography - 13/12/2024 11:00am,Impact of pornography,13/12/2024 11:00,24/25,8672,Ark Globe Academy,15,16,Education Setting,Maintained School,Southwark,3,62,
24815,24815 -  10 Signs - 30/01/2025 1:30pm,10 Signs,30/01/2025 13:30,24/25,8710,Haberdashers' Hatcham College,15,15,Education Setting,Maintained School,Lewisham,3,29,
24816,24816 -  Impact of pornography - 13/12/2024 11:00am,Impact of pornography,13/12/2024 11:00,24/25,8672,Ark Globe Academy,15,13,Education Setting,Maintained School,Southwark,3,62,
24817,24817 -  10 Signs - 30/01/2025 1:30pm,10 Signs,30/01/2025 13:30,24/25,8710,Haberdashers' Hatcham College,15,23,Education Setting,Maintained School,Lewisham,10,29,
24818,24818 -  Impact of pornography - 13/12/2024 11:00am,Impact of pornography,13/12/2024 11:00,24/25,8672,Ark Globe Academy,15,20,Education Setting,Maintained School,Southwark,6,62,
24819,24819 -  10 Signs - 13/05/2025 8:55am,10 Signs,13/05/2025 08:55,24/25,8710,Haberdashers' Hatcham College,15,12,Education Setting,Maintained School,Lewisham,0,29,
24820,24820 -  Impact of pornography - 13/12/2024 11:00am,Impact of pornography,13/12/2024 11:00,24/25,8672,Ark Globe Academy,15,12,Education Setting,Maintained School,Southwark,10,62,
24821,24821 -  10 Signs - 13/05/2025 8:55am,10 Signs,13/05/2025 08:55,24/25,8710,Haberdashers' Hatcham College,15,11,Education Setting,Maintained School,Lewisham,1,29,
24822,24822 -  Impact of pornography - 13/12/2024 11:00am,Impact of pornography,13/12/2024 11:00,24/25,8672,Ark Globe Academy,15,8,Education Setting,Maintained School,Southwark,10,62,
24823,24823 -  10 Signs - 13/05/2025 8:55am,10 Signs,13/05/2025 08:55,24/25,8710,Haberdashers' Hatcham College,15,11,Education Setting,Maintained School,Lewisham,24,29,
24824,24824 -  Impact of pornography - 13/12/2024 11:00am,Impact of pornography,13/12/2024 11:00,24/25,8672,Ark Globe Academy,15,7,Education Setting,Maintained School,Southwark,7,62,
24825,24825 -  10 Signs - 13/05/2025 8:55am,10 Signs,13/05/2025 08:55,24/25,8710,Haberdashers' Hatcham College,15,14,Education Setting,Maintained School,Lewisham,15,29,
24826,24826 -  10 Signs - 13/05/2025 8:55am,10 Signs,13/05/2025 08:55,24/25,8710,Haberdashers' Hatcham College,15,13,Education Setting,Maintained School,Lewisham,14,29,
24827,24827 -  10 Signs - 13/05/2025 8:55am,10 Signs,13/05/2025 08:55,24/25,8710,Haberdashers' Hatcham College,15,12,Education Setting,Maintained School,Lewisham,13,29,
24828,24828 -  10 Signs - 13/05/2025 11:00am,10 Signs,13/05/2025 11:00,24/25,8710,Haberdashers' Hatcham College,15,12,Education Setting,Maintained School,Lewisham,26,29,
24829,24829 -  10 Signs - 13/05/2025 11:00am,10 Signs,13/05/2025 11:00,24/25,8710,Haberdashers' Hatcham College,15,14,Education Setting,Maintained School,Lewisham,28,29,
24830,24830 -  10 Signs - 13/05/2025 11:00am,10 Signs,13/05/2025 11:00,24/25,8710,Haberdashers' Hatcham College,15,13,Education Setting,Maintained School,Lewisham,1,29,
24831,24831 -  10 Signs - 13/05/2025 11:00am,10 Signs,13/05/2025 11:00,24/25,8710,Haberdashers' Hatcham College,15,13,Education Setting,Maintained School,Lewisham,13,29,
24832,24832 -  10 Signs - 13/05/2025 11:00am,10 Signs,13/05/2025 11:00,24/25,8710,Haberdashers' Hatcham College,15,13,Education Setting,Maintained School,Lewisham,14,29,
24833,24833 -  10 Signs - 13/05/2025 11:00am,10 Signs,13/05/2025 11:00,24/25,8710,Haberdashers' Hatcham College,15,11,Education Setting,Maintained School,Lewisham,15,29,
24834,24834 -  10 Signs - 13/05/2025 1:30pm,10 Signs,13/05/2025 13:30,24/25,8710,Haberdashers' Hatcham College,15,12,Education Setting,Maintained School,Lewisham,12,29,
24835,24835 -  10 Signs - 13/05/2025 1:30pm,10 Signs,13/05/2025 13:30,24/25,8710,Haberdashers' Hatcham College,15,13,Education Setting,Maintained School,Lewisham,13,29,
24836,24836 -  10 Signs - 13/05/2025 1:30pm,10 Signs,13/05/2025 13:30,24/25,8710,Haberdashers' Hatcham College,15,14,Education Setting,Maintained School,Lewisham,14,29,
24839,24839 -  10 Signs - 13/05/2025 1:30pm,10 Signs,13/05/2025 13:30,24/25,8710,Haberdashers' Hatcham College,15,12,Education Setting,Maintained School,Lewisham,10,29,
24841,24841 -  10 Signs - 11/11/2024 9:30am,10 Signs,11/11/2024 09:30,24/25,8686,Carshalton Football Club,15,10,Community Organisation,Sports,Sutton,1,,
24842,24842 -  10 Signs - 11/11/2024 11:30am,10 Signs,11/11/2024 11:30,24/25,8686,Carshalton Football Club,15,8,Community Organisation,Sports,Sutton,7,,
27362,27362 -  10 Signs - 15/01/2025 2:00pm,10 Signs,15/01/2025 14:00,24/25,26272,Big Creative Education,15,4,Education Setting,College,Waltham Forest,2,,Yes (2 leaders)
27364,27364 -  Delving Deeper - 29/01/2025 2:00pm,Delving Deeper,29/01/2025 14:00,24/25,26272,Big Creative Education,15,8,Education Setting,College,Waltham Forest,3,,Yes (2 leaders)
27368,27368 -  Sharing Intimate Images - 26/02/2025 2:00pm,Sharing Intimate Images,26/02/2025 14:00,24/25,26272,Big Creative Education,15,1,Education Setting,College,Waltham Forest,1,,Yes (2 leaders)
27370,27370 -  10 Signs - 20/01/2025 4:30pm,10 Signs,20/01/2025 16:30,24/25,8726,Leaders in the Community,15,6,Community Organisation,Community Org,Tower Hamlets,7,,
27371,27371 -  10 Signs - 30/01/2025 6:30pm,10 Signs,30/01/2025 18:30,24/25,8912,Metro Snap,10,6,Community Organisation,LGBTQ+,Bromley,6,,
27372,27372 -  10 Signs - 07/02/2025 2:00pm,10 Signs,07/02/2025 14:00,24/25,8740,New Horizons Youth Centre,15,10,Community Organisation,Vulnerable Groups,Camden,6,,Yes (2 leaders)
27373,27373 -  Delving Deeper - 14/02/2025 2:00pm,Delving Deeper,14/02/2025 14:00,24/25,8740,New Horizons Youth Centre,15,9,Community Organisation,Vulnerable Groups,Camden,7,,Yes (2 leaders)
27375,27375 -  Sharing Intimate Images - 28/02/2025 2:00pm,Sharing Intimate Images,28/02/2025 14:00,24/25,8740,New Horizons Youth Centre,15,8,Community Organisation,Vulnerable Groups,Camden,8,,Yes (2 leaders)
27380,27380 -  10 Signs - 05/12/2024 9:00am,10 Signs,05/12/2024 09:00,24/25,8759,Raynes Park High School,15,20,Education Setting,Maintained School,Merton,15,40,No
27381,27381 -  10 Signs - 05/12/2024 9:00am,10 Signs,05/12/2024 09:00,24/25,8759,Raynes Park High School,15,0,Education Setting,Maintained School,Merton,8,40,No
27382,27382 -  10 Signs - 05/12/2024 9:00am,10 Signs,05/12/2024 09:00,24/25,8759,Raynes Park High School,15,13,Education Setting,Maintained School,Merton,14,40,No
27383,27383 -  10 Signs - 05/12/2024 9:00am,10 Signs,05/12/2024 09:00,24/25,8759,Raynes Park High School,15,15,Education Setting,Maintained School,Merton,16,40,No
27384,27384 -  10 Signs - 05/12/2024 9:00am,10 Signs,05/12/2024 09:00,24/25,8759,Raynes Park High School,15,29,Education Setting,Maintained School,Merton,11,40,No
27385,27385 -  10 Signs - 05/12/2024 9:00am,10 Signs,05/12/2024 09:00,24/25,8759,Raynes Park High School,15,13,Education Setting,Maintained School,Merton,9,40,No
27386,27386 -  10 Signs - 05/12/2024 9:00am,10 Signs,05/12/2024 09:00,24/25,8759,Raynes Park High School,15,30,Education Setting,Maintained School,Merton,18,40,No
27387,27387 -  10 Signs - 05/12/2024 9:00am,10 Signs,05/12/2024 09:00,24/25,8759,Raynes Park High School,15,12,Education Setting,Maintained School,Merton,15,40,No
27388,27388 -  10 Signs - 05/12/2024 9:00am,10 Signs,05/12/2024 09:00,24/25,8759,Raynes Park High School,15,30,Education Setting,Maintained School,Merton,21,40,No
27389,27389 -  10 Signs - 05/12/2024 9:00am,10 Signs,05/12/2024 09:00,24/25,8759,Raynes Park High School,15,33,Education Setting,Maintained School,Merton,8,40,No
27390,27390 -  10 Signs - 05/12/2024 9:00am,10 Signs,05/12/2024 09:00,24/25,8759,Raynes Park High School,15,0,Education Setting,Maintained School,Merton,16,40,No
27391,27391 -  10 Signs - 05/12/2024 9:00am,10 Signs,05/12/2024 09:00,24/25,8759,Raynes Park High School,15,26,Education Setting,Maintained School,Merton,13,40,No
27392,27392 -  Sharing Intimate Images - 05/12/2024 11:30am,Sharing Intimate Images,05/12/2024 11:30,24/25,8759,Raynes Park High School,20,20,Education Setting,Maintained School,Merton,12,40,No
27393,27393 -  Sharing Intimate Images - 05/12/2024 11:30am,Sharing Intimate Images,05/12/2024 11:30,24/25,8759,Raynes Park High School,15,0,Education Setting,Maintained School,Merton,7,40,No
27394,27394 -  Sharing Intimate Images - 05/12/2024 11:30am,Sharing Intimate Images,05/12/2024 11:30,24/25,8759,Raynes Park High School,15,12,Education Setting,Maintained School,Merton,15,40,No
27395,27395 -  Sharing Intimate Images - 05/12/2024 11:30am,Sharing Intimate Images,05/12/2024 11:30,24/25,8759,Raynes Park High School,15,11,Education Setting,Maintained School,Merton,9,40,No
27396,27396 -  Sharing Intimate Images - 05/12/2024 11:30am,Sharing Intimate Images,05/12/2024 11:30,24/25,8759,Raynes Park High School,15,18,Education Setting,Maintained School,Merton,5,40,No
27397,27397 -  Sharing Intimate Images - 05/12/2024 11:30am,Sharing Intimate Images,05/12/2024 11:30,24/25,8759,Raynes Park High School,15,8,Education Setting,Maintained School,Merton,7,40,No
27398,27398 -  Sharing Intimate Images - 05/12/2024 11:30am,Sharing Intimate Images,05/12/2024 11:30,24/25,8759,Raynes Park High School,15,30,Education Setting,Maintained School,Merton,6,40,No
27399,27399 -  Sharing Intimate Images - 05/12/2024 11:30am,Sharing Intimate Images,05/12/2024 11:30,24/25,8759,Raynes Park High School,15,11,Education Setting,Maintained School,Merton,6,40,No
27400,27400 -  Sharing Intimate Images - 05/12/2024 11:30am,Sharing Intimate Images,05/12/2024 11:30,24/25,8759,Raynes Park High School,15,0,Education Setting,Maintained School,Merton,10,40,No
27401,27401 -  Sharing Intimate Images - 05/12/2024 11:30am,Sharing Intimate Images,05/12/2024 11:30,24/25,8759,Raynes Park High School,15,0,Education Setting,Maintained School,Merton,5,40,No
27402,27402 -  Sharing Intimate Images - 05/12/2024 11:30am,Sharing Intimate Images,05/12/2024 11:30,24/25,8759,Raynes Park High School,15,25,Education Setting,Maintained School,Merton,10,40,No
27403,27403 -  Sharing Intimate Images - 05/12/2024 11:30am,Sharing Intimate Images,05/12/2024 11:30,24/25,8759,Raynes Park High School,15,28,Education Setting,Maintained School,Merton,13,40,No
27404,27404 -  Sharing Intimate Images - 05/12/2024 11:30am,Sharing Intimate Images,05/12/2024 11:30,24/25,8759,Raynes Park High School,15,11,Education Setting,Maintained School,Merton,9,40,No
27405,27405 -  10 Signs - 09/12/2024 10:00am,10 Signs,09/12/2024 10:00,24/25,8776,St Matthew Academy,15,13,Education Setting,Academy,Lewisham,8,35,
27406,27406 -  10 Signs - 09/12/2024 10:00am,10 Signs,09/12/2024 10:00,24/25,8776,St Matthew Academy,15,10,Education Setting,Academy,Lewisham,10,35,
27407,27407 -  10 Signs - 09/12/2024 10:00am,10 Signs,09/12/2024 10:00,24/25,8776,St Matthew Academy,15,0,Education Setting,Academy,Lewisham,0,35,
27409,27409 -  10 Signs - 09/12/2024 10:00am,10 Signs,09/12/2024 10:00,24/25,8776,St Matthew Academy,15,9,Education Setting,Academy,Lewisham,12,35,
27410,27410 -  10 Signs - 09/12/2024 10:00am,10 Signs,09/12/2024 10:00,24/25,8776,St Matthew Academy,15,0,Education Setting,Academy,Lewisham,12,35,
27411,27411 -  10 Signs - 09/12/2024 10:00am,10 Signs,09/12/2024 10:00,24/25,8776,St Matthew Academy,15,12,Education Setting,Academy,Lewisham,14,35,
27412,27412 -  10 Signs - 09/12/2024 10:00am,10 Signs,09/12/2024 10:00,24/25,8776,St Matthew Academy,15,24,Education Setting,Academy,Lewisham,6,35,
27413,27413 -  10 Signs - 09/12/2024 10:00am,10 Signs,09/12/2024 10:00,24/25,8776,St Matthew Academy,15,11,Education Setting,Academy,Lewisham,8,35,
27414,27414 -  10 Signs - 09/12/2024 10:00am,10 Signs,09/12/2024 10:00,24/25,8776,St Matthew Academy,15,20,Education Setting,Academy,Lewisham,10,35,
27415,27415 -  10 Signs - 09/12/2024 10:00am,10 Signs,09/12/2024 10:00,24/25,8776,St Matthew Academy,15,13,Education Setting,Academy,Lewisham,26,35,
27416,27416 -  10 Signs - 09/12/2024 10:00am,10 Signs,09/12/2024 10:00,24/25,8776,St Matthew Academy,15,12,Education Setting,Academy,Lewisham,5,35,
27417,27417 -  10 Signs - 09/12/2024 10:00am,10 Signs,09/12/2024 10:00,24/25,8776,St Matthew Academy,15,15,Education Setting,Academy,Lewisham,16,35,
27418,27418 -  10 Signs - 09/12/2024 10:00am,10 Signs,09/12/2024 10:00,24/25,8776,St Matthew Academy,15,17,Education Setting,Academy,Lewisham,8,35,
30364,30364 -  10 Signs - 29/01/2025 10:55am,10 Signs,29/01/2025 10:55,24/25,8702,Emanuel School,15,13,Education Setting,Independent School,Wandsworth,14,,
30365,30365 -  10 Signs - 29/01/2025 10:55am,10 Signs,29/01/2025 10:55,24/25,8702,Emanuel School,15,0,Education Setting,Independent School,Wandsworth,11,,
30366,30366 -  10 Signs - 29/01/2025 10:55am,10 Signs,29/01/2025 10:55,24/25,8702,Emanuel School,15,15,Education Setting,Independent School,Wandsworth,1,,
30367,30367 -  10 Signs - 29/01/2025 10:55am,10 Signs,29/01/2025 10:55,24/25,8702,Emanuel School,15,15,Education Setting,Independent School,Wandsworth,15,,
30368,30368 -  10 Signs - 29/01/2025 10:55am,10 Signs,29/01/2025 10:55,24/25,8702,Emanuel School,15,30,Education Setting,Independent School,Wandsworth,17,,
30369,30369 -  10 Signs - 29/01/2025 10:55am,10 Signs,29/01/2025 10:55,24/25,8702,Emanuel School,15,14,Education Setting,Independent School,Wandsworth,16,,
30370,30370 -  10 Signs - 29/01/2025 10:55am,10 Signs,29/01/2025 10:55,24/25,8702,Emanuel School,15,10,Education Setting,Independent School,Wandsworth,6,,
30371,30371 -  10 Signs - 29/01/2025 10:55am,10 Signs,29/01/2025 10:55,24/25,8702,Emanuel School,15,14,Education Setting,Independent School,Wandsworth,12,,
30372,30372 -  10 Signs - 29/01/2025 10:55am,10 Signs,29/01/2025 10:55,24/25,8702,Emanuel School,15,13,Education Setting,Independent School,Wandsworth,11,,
30373,30373 -  10 Signs - 29/01/2025 10:55am,10 Signs,29/01/2025 10:55,24/25,8702,Emanuel School,15,13,Education Setting,Independent School,Wandsworth,1,,
30377,30377 -  Amended Module - 30/01/2025 12:25pm,Amended Module,30/01/2025 12:25,24/25,10759,London East Alternative Provision (LEAP),7,4,Education Setting,Alternative Education,Tower Hamlets,7,52,Yes (2 leaders)
30385,30385 -  10 Signs - 26/02/2025 2:00pm,10 Signs,26/02/2025 14:00,24/25,8781,The Big House,15,11,Community Organisation,Vulnerable Groups,Islington,9,,Yes (2 leaders)
30386,30386 -  Sharing Intimate Images - 28/02/2025 3:00pm,Sharing Intimate Images,28/02/2025 15:00,24/25,8781,The Big House,15,13,Community Organisation,Vulnerable Groups,Islington,9,,Yes (2 leaders)
30387,30387 -  Delving Deeper - 04/02/2025 9:00am,Delving Deeper,04/02/2025 09:00,24/25,8797,Woodmansterne School,13,23,Education Setting,Maintained School,Lambeth,19,24,
30388,30388 -  Delving Deeper - 04/02/2025 11:20am,Delving Deeper,04/02/2025 11:20,24/25,8797,Woodmansterne School,13,20,Education Setting,Maintained School,Lambeth,1,24,
30389,30389 -  Delving Deeper - 04/02/2025 9:00am,Delving Deeper,04/02/2025 09:00,24/25,8797,Woodmansterne School,13,20,Education Setting,Maintained School,Lambeth,1,24,
30390,30390 -  Delving Deeper - 04/02/2025 11:20am,Delving Deeper,04/02/2025 11:20,24/25,8797,Woodmansterne School,13,20,Education Setting,Maintained School,Lambeth,21,24,
30391,30391 -  Delving Deeper - 04/02/2025 9:00am,Delving Deeper,04/02/2025 09:00,24/25,8797,Woodmansterne School,13,10,Education Setting,Maintained School,Lambeth,11,24,
30392,30392 -  Delving Deeper - 04/02/2025 11:20am,Delving Deeper,04/02/2025 11:20,24/25,8797,Woodmansterne School,13,11,Education Setting,Maintained School,Lambeth,12,24,
30393,30393 -  Delving Deeper - 04/02/2025 9:00am,Delving Deeper,04/02/2025 09:00,24/25,8797,Woodmansterne School,12,11,Education Setting,Maintained School,Lambeth,12,24,
30394,30394 -  Delving Deeper - 04/02/2025 11:20am,Delving Deeper,04/02/2025 11:20,24/25,8797,Woodmansterne School,12,23,Education Setting,Maintained School,Lambeth,12,24,
30395,30395 -  Delving Deeper - 04/02/2025 9:00am,Delving Deeper,04/02/2025 09:00,24/25,8797,Woodmansterne School,12,11,Education Setting,Maintained School,Lambeth,11,24,
30396,30396 -  Delving Deeper - 04/02/2025 11:20am,Delving Deeper,04/02/2025 11:20,24/25,8797,Woodmansterne School,12,12,Education Setting,Maintained School,Lambeth,13,24,
30397,30397 -  Delving Deeper - 04/02/2025 9:00am,Delving Deeper,04/02/2025 09:00,24/25,8797,Woodmansterne School,12,11,Education Setting,Maintained School,Lambeth,11,24,
30398,30398 -  Delving Deeper - 04/02/2025 11:20am,Delving Deeper,04/02/2025 11:20,24/25,8797,Woodmansterne School,12,13,Education Setting,Maintained School,Lambeth,14,24,
30399,30399 -  10 Signs - 11/02/2025 9:00am,10 Signs,11/02/2025 09:00,24/25,8797,Woodmansterne School,13,20,Education Setting,Maintained School,Lambeth,19,24,
30400,30400 -  10 Signs - 11/02/2025 11:20am,10 Signs,11/02/2025 11:20,24/25,8797,Woodmansterne School,13,20,Education Setting,Maintained School,Lambeth,4,24,
30401,30401 -  10 Signs - 11/02/2025 9:00am,10 Signs,11/02/2025 09:00,24/25,8797,Woodmansterne School,13,11,Education Setting,Maintained School,Lambeth,12,24,
30402,30402 -  10 Signs - 11/02/2025 11:20am,10 Signs,11/02/2025 11:20,24/25,8797,Woodmansterne School,13,8,Education Setting,Maintained School,Lambeth,10,24,
30403,30403 -  10 Signs - 11/02/2025 9:00am,10 Signs,11/02/2025 09:00,24/25,8797,Woodmansterne School,13,7,Education Setting,Maintained School,Lambeth,34,24,
30404,30404 -  10 Signs - 11/02/2025 11:20am,10 Signs,11/02/2025 11:20,24/25,8797,Woodmansterne School,13,0,Education Setting,Maintained School,Lambeth,0,24,
30405,30405 -  10 Signs - 11/02/2025 9:00am,10 Signs,11/02/2025 09:00,24/25,8797,Woodmansterne School,12,10,Education Setting,Maintained School,Lambeth,13,24,
30406,30406 -  10 Signs - 11/02/2025 11:20am,10 Signs,11/02/2025 11:20,24/25,8797,Woodmansterne School,12,11,Education Setting,Maintained School,Lambeth,10,24,
30407,30407 -  10 Signs - 11/02/2025 9:00am,10 Signs,11/02/2025 09:00,24/25,8797,Woodmansterne School,12,21,Education Setting,Maintained School,Lambeth,11,24,
30408,30408 -  10 Signs - 11/02/2025 11:20am,10 Signs,11/02/2025 11:20,24/25,8797,Woodmansterne School,12,20,Education Setting,Maintained School,Lambeth,11,24,
30409,30409 -  10 Signs - 11/02/2025 9:00am,10 Signs,11/02/2025 09:00,24/25,8797,Woodmansterne School,12,11,Education Setting,Maintained School,Lambeth,11,24,
30410,30410 -  10 Signs - 11/02/2025 11:20am,10 Signs,11/02/2025 11:20,24/25,8797,Woodmansterne School,12,10,Education Setting,Maintained School,Lambeth,11,24,
32539,32539 -  10 Signs - 03/02/2025 10:00am,10 Signs,03/02/2025 10:00,24/25,8721,JACE Training,15,6,Education Setting,Alternative Education,Sutton,9,,
32540,32540 -  Sharing Intimate Images - 31/01/2025 8:50am,Sharing Intimate Images,31/01/2025 08:50,24/25,8729,London Design & Engineering UTC,13,11,Education Setting,Maintained School,Newham,11,41,
32541,32541 -  Sharing Intimate Images - 31/01/2025 8:50am,Sharing Intimate Images,31/01/2025 08:50,24/25,8729,London Design & Engineering UTC,13,20,Education Setting,Maintained School,Newham,1,41,
32542,32542 -  Sharing Intimate Images - 31/01/2025 8:50am,Sharing Intimate Images,31/01/2025 08:50,24/25,8729,London Design & Engineering UTC,13,20,Education Setting,Maintained School,Newham,11,41,
32543,32543 -  Sharing Intimate Images - 31/01/2025 8:50am,Sharing Intimate Images,31/01/2025 08:50,24/25,8729,London Design & Engineering UTC,13,0,Education Setting,Maintained School,Newham,0,41,
32544,32544 -  Sharing Intimate Images - 31/01/2025 8:50am,Sharing Intimate Images,31/01/2025 08:50,24/25,8729,London Design & Engineering UTC,12,0,Education Setting,Maintained School,Newham,9,41,
32545,32545 -  Sharing Intimate Images - 31/01/2025 8:50am,Sharing Intimate Images,31/01/2025 08:50,24/25,8729,London Design & Engineering UTC,12,0,Education Setting,Maintained School,Newham,8,41,
32546,32546 -  Sharing Intimate Images - 31/01/2025 8:50am,Sharing Intimate Images,31/01/2025 08:50,24/25,8729,London Design & Engineering UTC,12,11,Education Setting,Maintained School,Newham,13,41,
32547,32547 -  Sharing Intimate Images - 31/01/2025 8:50am,Sharing Intimate Images,31/01/2025 08:50,24/25,8729,London Design & Engineering UTC,12,11,Education Setting,Maintained School,Newham,14,41,
34849,34849 -  10 Signs - 11/02/2025 5:00pm,10 Signs,11/02/2025 17:00,24/25,30295,YMCA London City and North LandAid House,15,10,"Charity, Community Organisation",Community Org,Islington,8,,No
35146,35146 -  Amended Module - 16/01/2025 12:25pm,Amended Module,16/01/2025 12:25,24/25,10759,London East Alternative Provision (LEAP),7,0,Education Setting,Alternative Education,Tower Hamlets,0,52,Yes (2 leaders)
35179,35179 -  Amended Module - 23/01/2025 12:25pm,Amended Module,23/01/2025 12:25,24/25,10759,London East Alternative Provision (LEAP),7,4,Education Setting,Alternative Education,Tower Hamlets,0,52,Yes (2 leaders)
35180,35180 -  Amended Module - 06/02/2025 12:25pm,Amended Module,06/02/2025 12:25,24/25,10759,London East Alternative Provision (LEAP),7,0,Education Setting,Alternative Education,Tower Hamlets,0,52,Yes (2 leaders)
35181,35181 -  Amended Module - 13/02/2025 12:25pm,Amended Module,13/02/2025 12:25,24/25,10759,London East Alternative Provision (LEAP),7,7,Education Setting,Alternative Education,Tower Hamlets,9,52,Yes (2 leaders)
35182,35182 -  Amended Module - 27/02/2025 12:25pm,Amended Module,27/02/2025 12:25,24/25,10759,London East Alternative Provision (LEAP),7,0,Education Setting,Alternative Education,Tower Hamlets,0,52,Yes (2 leaders)
35183,35183 -  Amended Module - 06/03/2025 12:25pm,Amended Module,06/03/2025 12:25,24/25,10759,London East Alternative Provision (LEAP),7,5,Education Setting,Alternative Education,Tower Hamlets,8,52,Yes (2 leaders)
35245,35245 -  10 Signs - 13/02/2025 8:50am,10 Signs,13/02/2025 08:50,24/25,8765,Sacred Heart High School,15,17,Education Setting,Faith Based School - Christian,Hammersmith and Fulham,19,17,
35246,35246 -  10 Signs - 13/02/2025 8:50am,10 Signs,13/02/2025 08:50,24/25,8765,Sacred Heart High School,15,15,Education Setting,Faith Based School - Christian,Hammersmith and Fulham,16,17,
35247,35247 -  10 Signs - 13/02/2025 8:50am,10 Signs,13/02/2025 08:50,24/25,8765,Sacred Heart High School,15,15,Education Setting,Faith Based School - Christian,Hammersmith and Fulham,16,17,
35248,35248 -  10 Signs - 13/02/2025 8:50am,10 Signs,13/02/2025 08:50,24/25,8765,Sacred Heart High School,15,16,Education Setting,Faith Based School - Christian,Hammersmith and Fulham,17,17,
35249,35249 -  10 Signs - 13/02/2025 9:50am,10 Signs,13/02/2025 09:50,24/25,8765,Sacred Heart High School,15,16,Education Setting,Faith Based School - Christian,Hammersmith and Fulham,17,17,
35250,35250 -  10 Signs - 13/02/2025 9:50am,10 Signs,13/02/2025 09:50,24/25,8765,Sacred Heart High School,15,30,Education Setting,Faith Based School - Christian,Hammersmith and Fulham,16,17,
35251,35251 -  10 Signs - 13/02/2025 9:50am,10 Signs,13/02/2025 09:50,24/25,8765,Sacred Heart High School,15,14,Education Setting,Faith Based School - Christian,Hammersmith and Fulham,15,17,
35252,35252 -  10 Signs - 13/02/2025 9:50am,10 Signs,13/02/2025 09:50,24/25,8765,Sacred Heart High School,15,15,Education Setting,Faith Based School - Christian,Hammersmith and Fulham,16,17,
35253,35253 -  10 Signs - 13/02/2025 11:10am,10 Signs,13/02/2025 11:10,24/25,8765,Sacred Heart High School,15,16,Education Setting,Faith Based School - Christian,Hammersmith and Fulham,17,17,
35254,35254 -  10 Signs - 13/02/2025 11:10am,10 Signs,13/02/2025 11:10,24/25,8765,Sacred Heart High School,15,15,Education Setting,Faith Based School - Christian,Hammersmith and Fulham,17,17,
35255,35255 -  10 Signs - 13/02/2025 11:10am,10 Signs,13/02/2025 11:10,24/25,8765,Sacred Heart High School,15,14,Education Setting,Faith Based School - Christian,Hammersmith and Fulham,16,17,
35256,35256 -  10 Signs - 13/02/2025 11:10am,10 Signs,13/02/2025 11:10,24/25,8765,Sacred Heart High School,15,17,Education Setting,Faith Based School - Christian,Hammersmith and Fulham,18,17,
35262,35262 -  Delving Deeper - 11/03/2025 5:00pm,Delving Deeper,11/03/2025 17:00,24/25,30295,YMCA London City and North LandAid House,15,12,"Charity, Community Organisation",Community Org,Islington,6,,No
35263,35263 -  Sharing Intimate Images - 13/05/2025 5:00pm,Sharing Intimate Images,13/05/2025 17:00,24/25,30295,YMCA London City and North LandAid House,15,7,"Charity, Community Organisation",Community Org,Islington,6,,No
35276,35276 -  10 Signs - 18/03/2025 8:50am,10 Signs,18/03/2025 08:50,24/25,8716,Haverstock School,15,25,Education Setting,Maintained School,Camden,15,73,
35277,35277 -  10 Signs - 18/03/2025 8:50am,10 Signs,18/03/2025 08:50,24/25,8716,Haverstock School,15,28,Education Setting,Maintained School,Camden,2,73,
35278,35278 -  10 Signs - 18/03/2025 8:50am,10 Signs,18/03/2025 08:50,24/25,8716,Haverstock School,15,13,Education Setting,Maintained School,Camden,7,73,
35279,35279 -  10 Signs - 18/03/2025 8:50am,10 Signs,18/03/2025 08:50,24/25,8716,Haverstock School,15,8,Education Setting,Maintained School,Camden,3,73,
35280,35280 -  10 Signs - 18/03/2025 8:50am,10 Signs,18/03/2025 08:50,24/25,8716,Haverstock School,15,5,Education Setting,Maintained School,Camden,8,73,
35281,35281 -  10 Signs - 18/03/2025 8:50am,10 Signs,18/03/2025 08:50,24/25,8716,Haverstock School,15,6,Education Setting,Maintained School,Camden,3,73,
35282,35282 -  10 Signs - 18/03/2025 8:50am,10 Signs,18/03/2025 08:50,24/25,8716,Haverstock School,15,12,Education Setting,Maintained School,Camden,11,73,
35283,35283 -  10 Signs - 18/03/2025 8:50am,10 Signs,18/03/2025 08:50,24/25,8716,Haverstock School,15,9,Education Setting,Maintained School,Camden,11,73,
35284,35284 -  10 Signs - 18/03/2025 8:50am,10 Signs,18/03/2025 08:50,24/25,8716,Haverstock School,15,5,Education Setting,Maintained School,Camden,6,73,
35285,35285 -  10 Signs - 18/03/2025 8:50am,10 Signs,18/03/2025 08:50,24/25,8716,Haverstock School,15,20,Education Setting,Maintained School,Camden,11,73,
35286,35286 -  10 Signs - 18/03/2025 8:50am,10 Signs,18/03/2025 08:50,24/25,8716,Haverstock School,15,11,Education Setting,Maintained School,Camden,4,73,
35287,35287 -  10 Signs - 18/03/2025 8:50am,10 Signs,18/03/2025 08:50,24/25,8716,Haverstock School,15,7,Education Setting,Maintained School,Camden,2,73,
38083,38083 -  Delving Deeper - 26/02/2025 4:00pm,Delving Deeper,26/02/2025 16:00,24/25,8781,The Big House,15,13,Community Organisation,Vulnerable Groups,Islington,12,,Yes (2 leaders)
41020,41020 -  Impact of pornography - 07/03/2025 2:00pm,Impact of pornography,07/03/2025 14:00,24/25,8740,New Horizons Youth Centre,15,10,Community Organisation,Vulnerable Groups,Camden,8,,Yes (2 leaders)
41685,41685 -  10 Signs - 19/03/2025 9:15am,10 Signs,19/03/2025 09:15,24/25,27095,HRUC,15,8,Education Setting,College,Hillingdon,8,,
41686,41686 -  10 Signs - 19/03/2025 9:15am,10 Signs,19/03/2025 09:15,24/25,27095,HRUC,15,12,Education Setting,College,Hillingdon,5,,
41687,41687 -  10 Signs - 19/03/2025 11:15am,10 Signs,19/03/2025 11:15,24/25,27095,HRUC,15,10,Education Setting,College,Hillingdon,5,,
41688,41688 -  10 Signs - 19/03/2025 11:15am,10 Signs,19/03/2025 11:15,24/25,27095,HRUC,15,12,Education Setting,College,Hillingdon,8,,
41689,41689 -  10 Signs - 19/03/2025 1:15pm,10 Signs,19/03/2025 13:15,24/25,27095,HRUC,15,12,Education Setting,College,Hillingdon,7,,
41690,41690 -  10 Signs - 19/03/2025 1:15pm,10 Signs,19/03/2025 13:15,24/25,27095,HRUC,15,0,Education Setting,College,Hillingdon,5,,
41691,41691 -  10 Signs - 31/03/2025 9:05am,10 Signs,31/03/2025 09:05,24/25,8712,Harris Academy Beckenham,13,20,Education Setting,Academy,Bromley,8,23,
41692,41692 -  10 Signs - 31/03/2025 9:05am,10 Signs,31/03/2025 09:05,24/25,8712,Harris Academy Beckenham,13,20,Education Setting,Academy,Bromley,6,23,
41693,41693 -  10 Signs - 31/03/2025 9:05am,10 Signs,31/03/2025 09:05,24/25,8712,Harris Academy Beckenham,14,15,Education Setting,Academy,Bromley,10,23,
41694,41694 -  10 Signs - 31/03/2025 9:05am,10 Signs,31/03/2025 09:05,24/25,8712,Harris Academy Beckenham,14,14,Education Setting,Academy,Bromley,7,23,
41695,41695 -  10 Signs - 31/03/2025 9:05am,10 Signs,31/03/2025 09:05,24/25,8712,Harris Academy Beckenham,14,13,Education Setting,Academy,Bromley,9,23,
41696,41696 -  10 Signs - 31/03/2025 9:05am,10 Signs,31/03/2025 09:05,24/25,8712,Harris Academy Beckenham,14,9,Education Setting,Academy,Bromley,8,23,
41697,41697 -  10 Signs - 31/03/2025 9:05am,10 Signs,31/03/2025 09:05,24/25,8712,Harris Academy Beckenham,14,12,Education Setting,Academy,Bromley,13,23,
41698,41698 -  10 Signs - 31/03/2025 9:05am,10 Signs,31/03/2025 09:05,24/25,8712,Harris Academy Beckenham,14,14,Education Setting,Academy,Bromley,10,23,
41699,41699 -  10 Signs - 31/03/2025 9:05am,10 Signs,31/03/2025 09:05,24/25,8712,Harris Academy Beckenham,14,9,Education Setting,Academy,Bromley,10,23,
41700,41700 -  10 Signs - 31/03/2025 9:05am,10 Signs,31/03/2025 09:05,24/25,8712,Harris Academy Beckenham,14,13,Education Setting,Academy,Bromley,9,23,
41701,41701 -  10 Signs - 31/03/2025 9:05am,10 Signs,31/03/2025 09:05,24/25,8712,Harris Academy Beckenham,14,12,Education Setting,Academy,Bromley,9,23,
41702,41702 -  10 Signs - 31/03/2025 9:05am,10 Signs,31/03/2025 09:05,24/25,8712,Harris Academy Beckenham,14,13,Education Setting,Academy,Bromley,9,23,
41703,41703 -  Delving Deeper - 23/04/2025 9:05am,Delving Deeper,23/04/2025 09:05,24/25,8712,Harris Academy Beckenham,13,0,Education Setting,Academy,Bromley,5,23,
41704,41704 -  Delving Deeper - 23/04/2025 9:05am,Delving Deeper,23/04/2025 09:05,24/25,8712,Harris Academy Beckenham,13,13,Education Setting,Academy,Bromley,13,23,
41705,41705 -  Delving Deeper - 23/04/2025 9:05am,Delving Deeper,23/04/2025 09:05,24/25,8712,Harris Academy Beckenham,14,10,Education Setting,Academy,Bromley,8,23,
41706,41706 -  Delving Deeper - 23/04/2025 9:05am,Delving Deeper,23/04/2025 09:05,24/25,8712,Harris Academy Beckenham,14,14,Education Setting,Academy,Bromley,16,23,
41707,41707 -  Delving Deeper - 23/04/2025 9:05am,Delving Deeper,23/04/2025 09:05,24/25,8712,Harris Academy Beckenham,14,15,Education Setting,Academy,Bromley,8,23,
41708,41708 -  Delving Deeper - 23/04/2025 9:05am,Delving Deeper,23/04/2025 09:05,24/25,8712,Harris Academy Beckenham,14,12,Education Setting,Academy,Bromley,6,23,
41709,41709 -  Delving Deeper - 23/04/2025 9:05am,Delving Deeper,23/04/2025 09:05,24/25,8712,Harris Academy Beckenham,14,11,Education Setting,Academy,Bromley,11,23,
41710,41710 -  Delving Deeper - 23/04/2025 9:05am,Delving Deeper,23/04/2025 09:05,24/25,8712,Harris Academy Beckenham,14,10,Education Setting,Academy,Bromley,10,23,
41711,41711 -  Delving Deeper - 23/04/2025 9:05am,Delving Deeper,23/04/2025 09:05,24/25,8712,Harris Academy Beckenham,14,14,Education Setting,Academy,Bromley,9,23,
41712,41712 -  Delving Deeper - 23/04/2025 9:05am,Delving Deeper,23/04/2025 09:05,24/25,8712,Harris Academy Beckenham,14,9,Education Setting,Academy,Bromley,9,23,
41713,41713 -  Delving Deeper - 23/04/2025 9:05am,Delving Deeper,23/04/2025 09:05,24/25,8712,Harris Academy Beckenham,14,11,Education Setting,Academy,Bromley,12,23,
41714,41714 -  Delving Deeper - 23/04/2025 9:05am,Delving Deeper,23/04/2025 09:05,24/25,8712,Harris Academy Beckenham,14,9,Education Setting,Academy,Bromley,11,23,
41723,41723 -  10 Signs - 28/07/2025 11:00am,10 Signs,28/07/2025 11:00,24/25,34784,Enact Centre,15,11,Community Organisation,Community Org,Enfield,10,,
41724,41724 -  Delving Deeper - 28/07/2025 2:30pm,Delving Deeper,28/07/2025 14:30,24/25,34784,Enact Centre,15,12,Community Organisation,Community Org,Enfield,13,,
41725,41725 -  Sharing Intimate Images - 31/07/2025 11:00am,Sharing Intimate Images,31/07/2025 11:00,24/25,34784,Enact Centre,15,10,Community Organisation,Community Org,Enfield,10,,
41726,41726 -  Impact of pornography - 31/07/2025 2:30pm,Impact of pornography,31/07/2025 14:30,24/25,34784,Enact Centre,15,11,Community Organisation,Community Org,Enfield,12,,
41727,41727 -  10 Signs - 21/03/2025 9:10am,10 Signs,21/03/2025 09:10,24/25,8700,Elizabeth Garrett Anderson School,12,10,Education Setting,Maintained School,Islington,20,55,
41728,41728 -  10 Signs - 21/03/2025 9:10am,10 Signs,21/03/2025 09:10,24/25,8700,Elizabeth Garrett Anderson School,12,11,Education Setting,Maintained School,Islington,1,55,
41729,41729 -  10 Signs - 21/03/2025 9:10am,10 Signs,21/03/2025 09:10,24/25,8700,Elizabeth Garrett Anderson School,11,9,Education Setting,Maintained School,Islington,8,55,
41730,41730 -  10 Signs - 21/03/2025 9:10am,10 Signs,21/03/2025 09:10,24/25,8700,Elizabeth Garrett Anderson School,11,0,Education Setting,Maintained School,Islington,4,55,
41731,41731 -  10 Signs - 21/03/2025 9:10am,10 Signs,21/03/2025 09:10,24/25,8700,Elizabeth Garrett Anderson School,11,25,Education Setting,Maintained School,Islington,12,55,
41732,41732 -  10 Signs - 21/03/2025 9:10am,10 Signs,21/03/2025 09:10,24/25,8700,Elizabeth Garrett Anderson School,11,11,Education Setting,Maintained School,Islington,12,55,
41733,41733 -  10 Signs - 21/03/2025 9:10am,10 Signs,21/03/2025 09:10,24/25,8700,Elizabeth Garrett Anderson School,11,18,Education Setting,Maintained School,Islington,12,55,
41734,41734 -  10 Signs - 21/03/2025 9:10am,10 Signs,21/03/2025 09:10,24/25,8700,Elizabeth Garrett Anderson School,11,6,Education Setting,Maintained School,Islington,8,55,
41735,41735 -  10 Signs - 21/03/2025 11:10am,10 Signs,21/03/2025 11:10,24/25,8700,Elizabeth Garrett Anderson School,12,9,Education Setting,Maintained School,Islington,10,55,
41736,41736 -  10 Signs - 21/03/2025 11:10am,10 Signs,21/03/2025 11:10,24/25,8700,Elizabeth Garrett Anderson School,12,12,Education Setting,Maintained School,Islington,19,55,
41737,41737 -  10 Signs - 21/03/2025 11:10am,10 Signs,21/03/2025 11:10,24/25,8700,Elizabeth Garrett Anderson School,11,9,Education Setting,Maintained School,Islington,2,55,
41738,41738 -  10 Signs - 21/03/2025 11:10am,10 Signs,21/03/2025 11:10,24/25,8700,Elizabeth Garrett Anderson School,11,7,Education Setting,Maintained School,Islington,8,55,
41739,41739 -  10 Signs - 21/03/2025 11:10am,10 Signs,21/03/2025 11:10,24/25,8700,Elizabeth Garrett Anderson School,11,26,Education Setting,Maintained School,Islington,15,55,
41740,41740 -  10 Signs - 21/03/2025 11:10am,10 Signs,21/03/2025 11:10,24/25,8700,Elizabeth Garrett Anderson School,11,12,Education Setting,Maintained School,Islington,10,55,
41741,41741 -  10 Signs - 21/03/2025 11:10am,10 Signs,21/03/2025 11:10,24/25,8700,Elizabeth Garrett Anderson School,11,9,Education Setting,Maintained School,Islington,10,55,
41742,41742 -  10 Signs - 21/03/2025 11:10am,10 Signs,21/03/2025 11:10,24/25,8700,Elizabeth Garrett Anderson School,11,10,Education Setting,Maintained School,Islington,9,55,
42274,42274 -  10 Signs - 12/11/2024 8:30am,10 Signs,12/11/2024 08:30,24/25,29899,Wimbledon College,13,13,Education Setting,Faith Based School - Christian,Merton,0,17,
44650,44650 -  10 Signs - 26/03/2025 6:00pm,10 Signs,26/03/2025 18:00,24/25,25247,Limehouse Laces,15,7,"Charity, Community Organisation",Sports,Tower Hamlets,1,,
46531,46531 -  Delving Deeper - 10/04/2025 6:30pm,Delving Deeper,10/04/2025 18:30,24/25,8912,Metro Snap,10,5,Community Organisation,LGBTQ+,Bromley,7,,
48676,48676 -  Impact of pornography - 03/06/2025 5:00pm,Impact of pornography,03/06/2025 17:00,24/25,30295,YMCA London City and North LandAid House,15,8,"Charity, Community Organisation",Community Org,Islington,7,,No
49501,49501 -  10 Signs - 07/05/2025 1:05pm,10 Signs,07/05/2025 13:05,24/25,8716,Haverstock School,12,13,Education Setting,Maintained School,Camden,11,73,
49502,49502 -  Delving Deeper - 08/05/2025 1:05pm,Delving Deeper,08/05/2025 13:05,24/25,8716,Haverstock School,12,12,Education Setting,Maintained School,Camden,10,73,
49534,49534 -  Delving Deeper - 09/05/2025 9:00am,Delving Deeper,09/05/2025 09:00,24/25,8686,Carshalton Football Club,15,12,Community Organisation,Sports,Sutton,8,,
49535,49535 -  Delving Deeper - 09/05/2025 11:30am,Delving Deeper,09/05/2025 11:30,24/25,8686,Carshalton Football Club,15,8,Community Organisation,Sports,Sutton,5,,
49567,49567 -  Delving Deeper - 09/05/2025 9:00am,Delving Deeper,09/05/2025 09:00,24/25,8686,Carshalton Football Club,15,8,Community Organisation,Sports,Sutton,6,,
49568,49568 -  Delving Deeper - 09/05/2025 11:30am,Delving Deeper,09/05/2025 11:30,24/25,8686,Carshalton Football Club,15,4,Community Organisation,Sports,Sutton,5,,
49569,49569 -  10 Signs - 07/05/2025 1:05pm,10 Signs,07/05/2025 13:05,24/25,8716,Haverstock School,13,14,Education Setting,Maintained School,Camden,14,73,
49570,49570 -  Delving Deeper - 08/05/2025 1:05pm,Delving Deeper,08/05/2025 13:05,24/25,8716,Haverstock School,13,13,Education Setting,Maintained School,Camden,5,73,
50326,50326 -  10 Signs - 09/12/2024 10:00am,10 Signs,09/12/2024 10:00,24/25,8776,St Matthew Academy,15,12,Education Setting,Academy,Lewisham,0,35,
51184,51184 -  10 Signs - 20/05/2025 5:00pm,10 Signs,20/05/2025 17:00,24/25,8731,Mary's Youth Club,15,3,Community Organisation,Community Org,Islington,4,,
51185,51185 -  10 Signs - 20/05/2025 5:00pm,10 Signs,20/05/2025 17:00,24/25,8731,Mary's Youth Club,15,3,Community Organisation,Community Org,Islington,4,,
52539,52539 -  Amended Module - 05/06/2025 1:00pm,Amended Module,05/06/2025 13:00,24/25,26303,The Limes,15,4,Education Setting,Alternative Education,Sutton,2,60,Yes (2 leaders)
52541,52541 -  10 Signs - 16/06/2025 9:00am,10 Signs,16/06/2025 09:00,24/25,8787,Thomas London Day School Clapham,8,0,Education Setting,Independent School,Wandsworth,7,,
52542,52542 -  10 Signs - 16/06/2025 9:00am,10 Signs,16/06/2025 09:00,24/25,8787,Thomas London Day School Clapham,8,7,Education Setting,Independent School,Wandsworth,8,,
52543,52543 -  10 Signs - 16/06/2025 9:00am,10 Signs,16/06/2025 09:00,24/25,8787,Thomas London Day School Clapham,8,8,Education Setting,Independent School,Wandsworth,8,,
52544,52544 -  10 Signs - 16/06/2025 9:00am,10 Signs,16/06/2025 09:00,24/25,8787,Thomas London Day School Clapham,7,8,Education Setting,Independent School,Wandsworth,8,,
52545,52545 -  10 Signs - 16/06/2025 9:00am,10 Signs,16/06/2025 09:00,24/25,8787,Thomas London Day School Clapham,7,7,Education Setting,Independent School,Wandsworth,8,,
52546,52546 -  10 Signs - 16/06/2025 9:00am,10 Signs,16/06/2025 09:00,24/25,8787,Thomas London Day School Clapham,8,7,Education Setting,Independent School,Wandsworth,9,,
52565,52565 -  10 Signs - 01/07/2025 5:30pm,10 Signs,01/07/2025 17:30,24/25,8747,Queen's Crescent Community Association,15,12,Community Organisation,Community Org,Camden,11,,
52669,52669 -  10 Signs - 22/07/2025 10:30am,10 Signs,22/07/2025 10:30,24/25,8810,Think Forward,13,4,Community Organisation,SEND,Islington,4,,
53495,53495 -  10 Signs - 06/06/2025 6:00pm,10 Signs,06/06/2025 18:00,24/25,8793,Westbourne Park Family Centre,20,14,Community Organisation,Community Org,Westminster,12,,No
53496,53496 -  Delving Deeper - 04/07/2025 6:00pm,Delving Deeper,04/07/2025 18:00,24/25,8793,Westbourne Park Family Centre,20,0,Community Organisation,Community Org,Westminster,12,,No
53626,53626 -  10 Signs - 11/06/2025 4:30pm,10 Signs,11/06/2025 16:30,24/25,8793,Westbourne Park Family Centre,20,3,Community Organisation,Community Org,Westminster,5,,No
55078,55078 -  10 Signs - 19/06/2025 8:40am,10 Signs,19/06/2025 08:40,24/25,8760,Reach Academy Feltham,15,13,Education Setting,Maintained School,Hounslow,14,41,No
55079,55079 -  10 Signs - 19/06/2025 8:40am,10 Signs,19/06/2025 08:40,24/25,8760,Reach Academy Feltham,15,14,Education Setting,Maintained School,Hounslow,14,41,No
55080,55080 -  10 Signs - 19/06/2025 8:40am,10 Signs,19/06/2025 08:40,24/25,8760,Reach Academy Feltham,15,11,Education Setting,Maintained School,Hounslow,12,41,No
55081,55081 -  10 Signs - 19/06/2025 8:40am,10 Signs,19/06/2025 08:40,24/25,8760,Reach Academy Feltham,15,13,Education Setting,Maintained School,Hounslow,19,41,No
55082,55082 -  Delving Deeper - 19/06/2025 10:50am,Delving Deeper,19/06/2025 10:50,24/25,8760,Reach Academy Feltham,15,13,Education Setting,Maintained School,Hounslow,11,41,No
55083,55083 -  Delving Deeper - 19/06/2025 10:50am,Delving Deeper,19/06/2025 10:50,24/25,8760,Reach Academy Feltham,15,14,Education Setting,Maintained School,Hounslow,14,41,No
55084,55084 -  Delving Deeper - 19/06/2025 10:50am,Delving Deeper,19/06/2025 10:50,24/25,8760,Reach Academy Feltham,15,10,Education Setting,Maintained School,Hounslow,12,41,No
55085,55085 -  Delving Deeper - 19/06/2025 10:50am,Delving Deeper,19/06/2025 10:50,24/25,8760,Reach Academy Feltham,15,13,Education Setting,Maintained School,Hounslow,15,41,No
56035,56035 -  10 Signs - 07/07/2025 6:00pm,10 Signs,07/07/2025 18:00,24/25,8747,Queen's Crescent Community Association,15,13,Community Organisation,Community Org,Camden,1,,
56036,56036 -  Delving Deeper - 14/07/2025 6:00pm,Delving Deeper,14/07/2025 18:00,24/25,8747,Queen's Crescent Community Association,15,9,Community Organisation,Community Org,Camden,10,,
56037,56037 -  Sharing Intimate Images - 28/07/2025 6:00pm,Sharing Intimate Images,28/07/2025 18:00,24/25,8747,Queen's Crescent Community Association,15,6,Community Organisation,Community Org,Camden,7,,
56038,56038 -  10 Signs - 15/07/2025 9:10am,10 Signs,15/07/2025 09:10,24/25,8700,Elizabeth Garrett Anderson School,15,18,Education Setting,Maintained School,Islington,12,55,
56039,56039 -  10 Signs - 15/07/2025 9:10am,10 Signs,15/07/2025 09:10,24/25,8700,Elizabeth Garrett Anderson School,15,14,Education Setting,Maintained School,Islington,7,55,
56040,56040 -  10 Signs - 15/07/2025 9:10am,10 Signs,15/07/2025 09:10,24/25,8700,Elizabeth Garrett Anderson School,15,15,Education Setting,Maintained School,Islington,14,55,
56041,56041 -  10 Signs - 15/07/2025 9:10am,10 Signs,15/07/2025 09:10,24/25,8700,Elizabeth Garrett Anderson School,15,12,Education Setting,Maintained School,Islington,13,55,
56042,56042 -  10 Signs - 15/07/2025 9:10am,10 Signs,15/07/2025 09:10,24/25,8700,Elizabeth Garrett Anderson School,15,12,Education Setting,Maintained School,Islington,12,55,
56043,56043 -  10 Signs - 15/07/2025 9:10am,10 Signs,15/07/2025 09:10,24/25,8700,Elizabeth Garrett Anderson School,15,15,Education Setting,Maintained School,Islington,8,55,
56044,56044 -  10 Signs - 15/07/2025 12:00pm,10 Signs,15/07/2025 12:00,24/25,8700,Elizabeth Garrett Anderson School,15,18,Education Setting,Maintained School,Islington,12,55,
56045,56045 -  10 Signs - 15/07/2025 12:00pm,10 Signs,15/07/2025 12:00,24/25,8700,Elizabeth Garrett Anderson School,15,8,Education Setting,Maintained School,Islington,18,55,
56046,56046 -  10 Signs - 15/07/2025 12:00pm,10 Signs,15/07/2025 12:00,24/25,8700,Elizabeth Garrett Anderson School,15,15,Education Setting,Maintained School,Islington,5,55,
56047,56047 -  10 Signs - 15/07/2025 12:00pm,10 Signs,15/07/2025 12:00,24/25,8700,Elizabeth Garrett Anderson School,15,12,Education Setting,Maintained School,Islington,11,55,
56048,56048 -  10 Signs - 15/07/2025 12:00pm,10 Signs,15/07/2025 12:00,24/25,8700,Elizabeth Garrett Anderson School,15,12,Education Setting,Maintained School,Islington,8,55,
56049,56049 -  10 Signs - 15/07/2025 12:00pm,10 Signs,15/07/2025 12:00,24/25,8700,Elizabeth Garrett Anderson School,15,13,Education Setting,Maintained School,Islington,11,55,
56992,56992 -  10 Signs - 11/07/2025 6:00pm,10 Signs,11/07/2025 18:00,24/25,9838,KORI youth charity,10,1,Community Organisation,Community Org,London,3,,
57124,57124 -  10 Signs - 22/07/2025 10:30am,10 Signs,22/07/2025 10:30,24/25,8810,Think Forward,12,9,Community Organisation,SEND,Islington,5,,
